arsenic,cadmium,lead,mercury
0.255,0.092,0.254,0.012
0.067,0.11,0.392,0.013
0.035,0.074,0.254,0.005968362916404044
0.611,0.1,1.012,0.007742242401877557
0.012306971237485692,0.0011722055543536163,0.0007250569076676876,0.00724923274604479
0.476,0.05,0.852,0.008512656919639013
0.093,0.0026217651180457805,0.0026429289222806907,0.00026636198307348303
0.005039984496578325,0.056,2.4370793933480518e-05,3.8621082206218404e-05
0.007337783684563302,0.0016127589778113785,0.0010235772747832388,0.00013941983941791135
0.12,2.668,0.195,0.009894327195953062
0.101,4.065,0.165,0.0017200696186464796
0.058,0.786,0.217,0.009130320799562608
0.003941858763806425,0.00034481764175888196,0.0035290444428989188,0.008237995349927403
0.00040089872379885707,0.0018386350204933756,0.0003607342961802922,0.0007726219906134909
0.198,0.0025233534274327306,0.026,0.004074477779093934
0.253,0.02,0.104,0.004073351952514881
0.027,0.01,0.028,0.005840886815104114
0.026,0.007,0.019,0.009508357411900387
0.172,0.129,0.053,0.001008640580077977
0.0027317845582131837,0.0033703982566179584,0.0018500735166720507,0.00887097565216756
0.011461397922715178,7.954911745278359e-05,0.00024260312928554528,0.0090343787873052
0.26,0.022,0.187,0.00966762876274531
0.009844849167566661,0.00048443981520509996,0.0029185606053400734,0.00513567593534912
0.082,0.021,0.137,0.0007168841624126004
0.108,0.023,0.111,0.00482604561290495
0.029,0.006,0.016,0.006012906753822522
0.102,0.023,0.188,0.006607188551295945
0.083,0.001435171332807515,0.162,0.0039668518026102495
0.067,0.0034081062106113636,0.0016290449021131566,0.007515949025207576
0.009057271250019127,0.0021191571234832913,0.0029863387957034977,0.009410370543084376
0.18,0.145,0.196,0.006650370026839023
0.069,0.079,0.101,0.0016685523122726444
0.075,0.112,0.0012041297168908227,0.0002891614346538396
0.322,0.027,0.188,0.01020280787976113
0.053,0.0017618770056513943,0.009,0.007135366267416328
0.069,0.006,0.0012973710332485125,0.01018376261347612
0.053,0.0026404886376865167,0.0014398119331047977,0.0032400204471559908
0.010427152744226032,0.002521074290586627,0.064,0.0012777291740077418
0.104,0.0027595496751471387,0.105,0.008419051635768116
0.126,0.092,0.251,0.001938199019026162
0.075,0.276,0.037,0.007508659790734786
0.136,0.36,0.053,0.009548315545451224
0.115,0.312,0.025,0.004427984819934077
0.075,0.249,0.087,0.009065653264671588
0.0031341510645568906,0.00011352950553957043,0.00014624706009523658,0.004238001130130837
0.01451343369615449,0.00017923418118168666,0.0007593776559007584,0.0017707585454590884
0.024,0.025,0.016,0.0037538025046339207
0.032,0.047,0.036,0.00794096080187016
0.057,0.056,0.04,0.009354469461738122
0.181,0.058,0.248,0.003404189091035977
0.028,0.068,0.022,0.004297932479442384
0.017,0.025,0.021,0.002335782983020646
0.126,0.088,0.125,0.0010463197800547764
0.027,0.082,0.04,0.008212603613012188
0.017,0.054,0.022,0.0013400903759249912
0.02,0.063,0.02,0.008665926118020133
0.029,0.028,0.033,0.010159772779101893
0.06,0.003792480850598377,0.0006784229345254724,0.003778215836390293
0.007710309356645634,0.003993447921091028,0.00027091215260678235,0.002380503393567324
0.0019699187624828323,0.003417636238367759,0.0033739987066555145,0.000615732721563692
0.037,0.338,0.028,0.02
0.036,0.349,0.028,0.029
0.593,0.426,1.778,0.005094961338405765
0.236,0.127,1.003,0.001965604728831346
0.209,0.157,0.572,0.009200808329434085
0.209,0.283,0.923,0.0015530793996614911
0.149,0.114,0.67,0.0014662218673498393
0.011649844230842851,0.181,0.023,0.0002483716409230551
0.009632342592829538,0.171,0.023,0.007912995794084499
0.061,0.067,0.095,0.002194018790520959
0.015895386646769677,0.0026895980035040825,0.0036408431891972294,0.009943000635337262
0.012141485266267776,0.0015394140791406188,0.0018293002867253124,0.009608938821551593
0.0030071642699963023,0.002414873119754778,0.002300760148495996,0.0061352657237361795
0.012035519383894987,0.0002771859925943807,0.003991404306459424,0.0021708030578140624
0.015392064437988885,0.0015098616179290581,0.0023458526991129696,0.003206926182485227
0.010355010036307228,0.0011629742810129015,0.00387001704277031,0.008591699901813504
0.005136832893181614,0.003242657293513945,0.0020056347972379797,0.008919643956336048
0.005015499153368072,0.0029748635435926513,0.0010693859917559991,0.007318759084728271
0.006107554970459128,0.0033082848813224407,0.0014367058872782007,0.0030137005433657827
0.009939347814535034,0.0030412812025821918,0.0028424795371917158,0.007727296219785699
0.0039122696796019835,0.0010177593785064443,0.00374668191504194,0.005715603009976587
0.098,0.127,0.493,0.00012122429550454827
0.057,0.17,0.355,0.004115641343143091
0.226,0.076,0.488,0.0030969122299665092
0.019,0.0004545914770130808,0.009,0.007954147600320536
0.339,0.442,0.452,0.029
0.067,0.0025342041536522415,0.065,0.0033545402757139916
0.014622327284843863,0.0006697454652939703,0.0018954953984546532,0.005116367787419778
0.008266940481375317,0.0006382696417262168,0.071,0.005187855699436229
0.01117256245789913,0.0006720218865922063,0.0010382078861822972,0.001054616968586023
0.013571901062514291,0.0010812028000813955,0.0007995451877051028,0.0013628039479788119
0.011319291637010285,0.052,0.0021165918052337327,0.005272357605853543
0.00020101567504019258,0.0018332447985228524,0.002301670841441183,0.008831552487378155
0.0017360773627139513,0.001747449739709797,0.003350165335118055,0.0010845182046768929
0.0051812638582567384,0.00016476415847439663,0.001887166477084349,0.007945638616614093
0.004292464618494943,0.06,0.0033125268432755875,0.009384797950342987
0.007386258380716425,0.089,0.0005989034241899165,4.7154116559035674e-05
0.007354665924436201,0.0016886887643926078,0.002614565730557251,0.002703998859010628
0.0017670673277957664,4.2546781285226485e-06,0.0003188575121664061,0.004075014862038741
0.063,0.0017777128848393616,0.081,0.0017588569496423084
0.010458554631049326,0.08,0.003518962936170831,0.0007469194136095328
0.01592188042255009,0.0018793476377772273,0.0024263805720199385,0.006161145720845626
0.053,0.003085271004798562,0.059,0.0038313166284464936
0.054,0.0005837306352414804,0.07,0.006005448136214556
0.0015444416994401333,0.0017916369549784443,0.0030299419039710863,0.006971149906047927
0.012706164879644221,0.00352112831506852,0.002284053335265057,0.000971466181226354
0.0026106230736490516,0.0034778618878121338,0.0016968124086494951,0.00324120619105905
0.0015117470004096364,0.002107601662206389,0.003844075601008358,0.008047741782834622
0.008913785942984977,0.002771759432364834,0.00034846270725485295,0.010006546134881507
0.010328478859757748,0.0017665560014549562,0.0012158111146276492,0.00322536506698391
0.169,0.148,0.392,0.004260813001660645
0.015028742198563486,0.0009899594471049023,0.001217886839625944,0.009222064487954615
0.01123294583418975,0.000990590262090148,0.0009891348972608865,0.01039065570821649
0.010184956867746585,0.083,0.001629533360261387,0.0036844210694153903
0.304,0.0017590977801072146,0.205,0.006433895007856332
0.076,0.016,0.154,0.008819264887476495
0.006186814742395822,0.0011287576829926587,0.152,0.01056923477935887
0.065,0.023,0.18,0.015
0.076,0.00395547499012564,0.0007144165822562818,0.007425197151190235
0.018,0.0018318332096597702,0.0018771903403863414,0.008193229500861514
0.05,0.004,0.015,0.006408293227923351
0.067,0.0037521225822942992,0.008,0.00135913347414868
0.058,0.006,0.042,0.007706122993095659
0.173,0.004,0.034,0.009811234181199335
0.144,0.0009285179304713265,0.009,0.00605293872405593
0.064,0.00058781283284514,0.005,0.0044162331188498305
0.077,0.009,0.008,0.0020039931488946266
0.048,0.0036853188111510083,0.005,0.004936836011094698
0.123,0.0008802212739203195,0.011,0.005510172512191467
0.032,0.005,0.0019839408480725115,0.007464645837551376
0.061,0.00216826495065398,0.022,0.004066961352594805
0.065,0.001576265024239362,0.004,0.005276902301715518
0.084,0.005,0.006,0.004594375473459163
0.035,0.006,0.006,0.0048366493317326675
0.147,0.319,1.162,0.004498777079763074
0.123,0.272,0.131,0.0013154601929366114
0.102,0.256,0.154,0.008334255997321245
0.33,0.166,0.27,0.0026695122320599717
0.093,0.238,0.05,0.008366725144657668
0.007346214775612298,0.00011917987888083336,0.0005877529503639978,0.0008172027071729123
0.075,0.0023626728595192888,0.002397173465939229,0.0035508987658599196
0.008216120805538478,0.0027556662844708544,0.003330614246202474,0.009019934511034961
0.006652351281753947,0.0011300157755909116,0.0025117609567622515,0.004399971043640514
0.015149168677160443,0.003728371473475143,0.0027991240302242602,0.008845982053548893
0.002118770412956577,0.0031711079359931084,0.002857757822460136,0.010249805645863055
0.006616329640771193,0.0026269249451315955,0.0011325141829746897,0.007979865007667375
0.009505052706587644,0.0010452712519730789,0.00020486777210048857,0.004126521998007285
0.055,0.0018348472130806947,0.002995648767549582,0.007553761740643884
0.135,0.175,0.11,0.009327283368203116
0.044,0.075,0.01,0.001617155490483712
0.062,0.014,0.009,0.0013892621001692423
0.055,0.03,0.011,0.0005029797099506574
0.081,0.024,0.015,0.0021750917793702364
0.051,0.031,0.012,0.00037763936085381567
0.12,0.03,0.186,0.002578450253830917
0.006719168293331416,0.002083799663053662,0.00370397205359928,0.009449150113472448
0.055,0.00010074811030179154,0.002047064489126858,0.007476747830556689
0.007615822159288037,0.002414950384597253,0.003802041754937779,0.0007477157135862649
0.052,0.3,0.0004635404359759181,0.006865807911311321
0.001577954294044007,0.152,0.002399906783565847,0.008257047013114244
0.065,0.002923214241956535,0.002509904668260436,0.0080763604082968
0.007897159357387887,0.001547399527878207,0.005,0.004858268963755421
0.023,0.0016164221532690174,0.004,0.005539928029931986
0.00542816285564615,0.0022443464404994767,0.005,0.003954778724685854
0.041,0.026,0.034,0.007399078319042263
0.000628903791990945,0.006,0.0032517772709301537,0.0021811499275019913
0.005047174670347875,0.009,0.005,0.006613612226693445
0.010640706419813017,0.008,0.021,0.00709768006545543
0.018,0.0013537390931536088,0.016,0.009526973244256373
0.008516521093188753,0.0020144362101605366,0.0029274032710817867,0.010421859765906828
0.011431803676195286,0.0017865808617554477,0.0017953191683692223,8.972678229652719e-05
0.013400589536603703,0.0021405216482694184,0.002852718554619172,0.008659466068361125
0.013646476911596067,0.0013683896119073755,0.002339249490017103,0.008877737438056218
0.015865254692498366,0.0039003648025899883,0.0029714259295538486,0.009283851388458669
0.007502237587000023,0.0038089788125848408,0.0013975632839790322,0.009402102750400194
0.013672779723387173,0.00044843183255548614,0.003767245536062612,4.9601273190705174e-05
0.015889211989066735,0.0009302626979397224,0.0034196424535555916,0.006835796289579399
0.0025379298047582335,0.002370437747932815,0.0014397455320895314,0.009259141154703538
0.01230112472319304,0.001126741558750647,0.00034708802554773754,0.004354237760100456
0.013277398070901369,0.002313368878479725,0.0019535579857302703,0.0029530911897370764
0.059,0.259,0.002465543523041456,0.006330796206430636
0.00806825271921742,0.003145498124871914,0.003025815370092489,0.010284141242016941
0.007863358289556014,0.0021526250136332586,0.0011579835007950185,0.005126772254367544
0.051,0.074,0.0013223562034370535,0.00579053126887944
0.315,0.329,0.562,0.019
0.19,0.361,0.843,0.015
0.196,0.049,0.149,0.013
0.019,0.005,0.006,0.010581245085871105
0.00847992128749723,0.0034688826966499837,0.0008089132259908282,0.010410029042433596
0.010276827413581808,0.00039845104253706244,0.0005115574082352548,0.003782495742508017
0.058,0.008,0.0036989029700956314,0.0024825957582788978
0.028,0.039,0.053,0.009151599836356232
0.0032903080867243287,0.0012647996344741603,0.0034649851498085313,0.00026146924930952074
0.024,0.009,0.019,0.009487197241340986
0.010351951489910438,0.0004732197628384203,0.017,0.00663786521817973
0.012101908192250889,0.0032436512841483404,0.004,0.009160900404516026
0.018,0.0028396288349693075,0.004,0.008130273500275446
0.017,0.035,0.027,0.00548714420670162
0.028,0.0033656398190056933,0.0021547611936272595,0.010635288061366707
0.02,0.003861751093287137,0.0032444660353595114,0.002585255111411131
0.014722564207361157,0.0035432473958500656,0.0006956018723999553,0.0058061068752474415
0.011540049866703104,0.0035034504549810333,0.001790203224121972,0.007920086432972142
0.078,0.025,0.102,0.0011736382762084585
0.011575409228118554,0.133,0.007,0.007389501284658656
0.113,0.082,0.118,0.008061472075378396
0.1,0.088,0.109,0.008456349723789277
0.014555144864374817,0.00023401947079739838,0.0031705834274031973,0.0054378582661821434
0.047,0.178,0.008,0.0023265899028566722
0.096,0.087,0.01,0.006411716414964558
0.014989727825399885,0.002433471780249924,0.003032752563080708,0.0022662697586034054
0.009515766930237571,0.0025396956751586384,0.0003089679497654836,7.808409138843563e-05
0.005611080034372631,0.0035382615088304556,0.053,0.001655146032622439
0.009935525489716247,0.0009929098749636212,0.0009031294918788616,0.006382367030900005
0.092,0.001989278943887758,0.122,0.006340409175061647
0.131,0.0023707606489486405,0.169,0.009787070558702737
0.011873230143877323,0.003561377744096013,0.058,0.005137926858078533
0.393,0.098,0.897,0.005577196625319594
0.45,0.086,7.929,0.013
0.007596273351831003,0.015,0.02,0.0076756074199517315
0.059,0.033,0.287,0.009940118566810109
0.126,0.143,0.739,0.022
0.023,0.001986397171136527,0.01,0.0019137631888046817
0.010347264060159731,0.0008853705002342478,0.00047624028953928345,0.002666884005773463
0.015894202765766065,0.0015696732129509452,0.00034369168122599936,0.0076247236345642466
0.007756609812266122,0.001298413489360668,0.0021399884052712066,0.00810939116299971
0.008797730266957564,0.0034308671184791967,0.002608846962380487,0.009588738106885295
0.008770723426840573,0.0021494151918917343,0.003294978736612697,0.003283027319646736
0.014613109450045776,0.0018116655345368838,0.003197861744808109,0.010436566249994356
0.017,0.086,0.019,0.002906866312835992
0.023,0.118,0.148,0.013
0.063,0.013,0.016,0.007869263535829426
0.19,0.007,0.02,0.008027209612561202
0.06,0.0003262510506259426,0.0037183960344492756,0.009297413121393846
0.068,0.019,0.185,0.004006102629643842
0.259,0.075,0.539,0.007011967704288103
0.009277186987974194,0.122,0.0007577518449593717,0.0034953674311628048
0.151,0.0028639703583966283,0.208,0.0022179180185161714
0.083,0.0021818348546893697,0.146,0.01019405973301659
0.098,0.07,0.003177906572909161,0.0017633479324430587
0.114,0.126,0.007,0.0009810684086507828
0.033,0.015,0.043,0.00180856770306747
0.05,0.09,0.084,0.0017269397010973976
0.055,0.075,0.095,0.0009903484365658452
0.012677857776363401,0.07,0.093,0.0063811510380175455
0.003992750045358887,0.0022631299302289048,0.0017983310359217795,0.009031988418787251
0.014506669508282284,0.0033875345791862044,6.847528977364892e-05,0.0077154743709654415
0.007788687056224587,1.9284933817312224e-05,0.0031774071501506013,0.004474395450295374
0.007644866342408197,0.003690632698518158,0.0002474793444242676,0.003887099309701141
0.006251865311220614,0.0036573554096369547,0.0012669926917634644,0.0005837903006357487
0.014142621325691478,0.0021401307668949855,0.002585693375392988,0.0006827721097149776
0.010434102244167033,0.0015414735970480239,0.002498783863277108,0.008945344987382997
0.012695517691178427,0.0029280156995583014,0.00035771859189760046,0.0043555046427337304
0.057,0.043,0.876,0.0006955368188774045
0.004380346413200771,0.001934367986778366,0.00028495337750100534,0.003310143429889376
0.010483893711188816,0.003736954438899991,0.0027052863244315735,0.009443949657512732
0.052,0.024,0.366,0.009968263185250334
0.055,0.027,0.134,0.0045922220290327415
0.076,0.021,0.135,0.009246430134075589
0.064,0.067,0.187,0.003556907840853289
0.093,0.256,0.069,0.0032494755762955277
0.131,0.373,0.063,0.00849349153865998
0.122,0.275,0.042,0.008971243348761817
0.082,0.091,0.132,0.0001958104229922821
0.06,0.069,0.042,0.004957403434132672
0.092,0.141,0.084,0.004342229777352914
0.064,0.089,0.032,0.0030711484191042076
0.116,0.178,0.058,0.004499928507745015
0.011091140677346937,0.0008853118256607778,0.0016629679324335666,0.0028022447808508863
0.0024886698979966673,0.096,0.002282721776254524,0.0023330826810230693
0.0003020491263003784,0.0016475116721719387,0.0009410015147570858,0.0070016886982856375
0.065,0.03,0.071,0.005469100003490829
0.078,0.041,0.129,0.007607629442136673
0.058,0.028,0.16,0.005818469426513173
0.12,0.024,0.107,0.015
0.003808427202568577,0.003167483089689661,0.0011177837634415372,0.0034965286845367403
0.059,0.0017405179867107435,0.087,0.003214697108017438
0.09,0.00035872655882476724,0.003598085997192331,0.0004536647019488854
0.068,0.0028375975438165307,0.0011150342137409904,0.009032826257550646
0.109,0.0019863566357793006,0.069,0.001499679118588478
0.127,0.199,0.035,0.0033907617180495126
0.122,0.102,0.029,0.0014343887860270269
0.156,0.047,0.094,0.0038249049780482475
0.042,0.039,0.036,0.009591335411971746
0.006946788111984404,0.0038789731334221947,0.0003353929898070249,0.003962862009283098
0.010857033629533068,0.002256408633973756,0.0022326357895197297,0.006191357655100421
0.068,0.000560031379899201,0.003229123483806821,0.0034560853323546566
0.044,0.049,0.048,0.005849617760310465
0.095,0.03,0.133,9.615324260593993e-05
0.033,0.043,0.028,0.008974220286486837
0.059,0.051,0.098,0.0032992508792929454
0.015273053112325201,0.008,0.0020874761836000818,0.005540229583475647
0.019,0.012,0.0019641680257967975,0.009595570108763038
0.026,0.016,0.022,0.0017319094473979377
0.016,0.006,0.014,0.002261034640547621
0.006964189870081707,0.013,0.00032714948322730165,0.002481695714647658
0.018,0.053,0.02,0.009372563956052684
0.055,0.0017382073526275332,0.005,0.00963151732308854
0.033,0.021,0.028,0.004931765927652216
0.038,0.003861206766652887,0.00033794872555120795,0.006606484193665716
0.024,0.00141095844280348,0.0024344656212574203,0.002166555882212148
0.001638443331613198,0.0007132673010843807,0.087,0.009131365759576193
0.017,0.0029796769178167142,0.011,0.0008750529363972324
0.018,0.009,0.0038342212683613484,0.008624724039030047
0.047,0.00044270668399928507,0.01,0.005696171924104936
0.019,0.002505080168930074,0.002085401966982265,0.003713183219850504
0.0007456735500096094,0.0023576871095012998,0.019,0.003545274474658919
0.019,0.009,0.003619229108428487,0.004756390647697102
0.023,0.007,0.014,0.010750308757287826
0.019,0.009,0.015,0.0034215719886903926
0.039,0.013,0.035,0.0016746295405643732
0.019,0.00045901256840720793,0.006,0.023
0.0048466246096854565,0.002723957834575925,0.028,0.002727297379272956
0.069,0.043,0.048,0.0021112979891575205
0.024,0.012,0.005,0.009726181718770228
0.032,0.016,0.024,0.011
0.003183059562020855,0.0029185731440863113,0.005,0.009584809766685777
0.019,0.0025583543696527876,0.001579467899900605,0.0025948623580806214
0.012745134732822393,0.0016947201243051597,0.029,0.007569880033653839
0.088,0.015,0.069,0.00016685782089001554
0.021,0.002964119110696391,0.004,0.010276235401558247
0.012946996842619143,0.0018562623515181364,0.002813145480692293,0.0030383888096268455
0.0001609915747724955,0.002189193587115159,0.0011771340947092765,0.000651819501654536
0.014778893600075962,0.002033137152798536,0.000982772657757737,0.008155028985532695
0.01593372372745979,0.0037937377604222383,0.0002731021763651693,0.007597847844950069
0.158,0.058,0.368,0.014
0.085,0.0027901632694308687,0.057,0.003519709297502229
0.031,0.082,0.021,0.01045599493764434
0.039,0.012,0.046,0.004414372573046202
0.103,0.496,0.046,0.002168268199738246
0.327,0.181,0.208,0.005316688109690949
0.0031322524948993475,0.001038811663032714,0.0036192532290775263,0.009214955792347854
0.0039414613927857755,0.0021907503837233656,9.570982371336134e-05,0.0065704716408399085
0.011953341980945787,0.0005406210649736565,0.0036988674637455574,0.002305203699980916
0.0028728566083901282,0.0032006142428419684,0.0002364857774183551,0.006985203954943031
0.058,0.072,0.0006101468643909747,0.0030403437485165743
0.163,0.115,0.102,0.00044170964989581016
0.079,0.03,0.024,0.0029944399888295016
0.074,0.071,0.03,0.01073685320517546
0.06,0.0014791303721003054,0.062,0.003955617818855829
0.159,0.0014892237277570018,0.238,0.0062575644403097454
0.123,0.0018272240706548616,0.253,0.00011053914032202938
0.102,0.091,0.053,0.009977074544861811
0.014127719461252354,0.0020858613872366764,0.0021618188454291904,0.00573392385799961
0.004102073239090361,0.0008000693325093927,0.0032287373824934863,0.003673475549988205
0.007740243732946169,0.0010806119526365005,0.003184263480957035,0.00035344234979879093
0.0022795371342387,0.00022195986489930775,0.002131714869225602,0.001484153334760647
0.012341087798564281,0.0004354066427606185,0.003988659071497529,0.0055620049660167255
0.0011970632733401684,0.003352448276254268,0.001287553847734777,0.008050509926063017
6.980684843412278e-05,0.0011197774810267666,0.0014934930880540712,0.006438890484039848
0.069,0.614,0.026,0.0032502811983783995
0.008470257161876316,0.0012080730071558224,0.0037153288913738527,0.000893679701027076
0.008918717419928812,0.0011554150938150492,0.002832239760571007,0.009252626829427242
0.003155061756305294,0.00010257797005485348,0.053,0.006880898697255876
0.013816036562119454,0.0021847347349678494,0.0017388951576359716,0.000720742992210935
0.122,0.198,0.037,0.0022270437929437204
0.105,0.193,0.074,0.0009481678226305966
0.126,0.142,0.038,0.00910627964747251
0.093,0.184,0.029,0.008581523021345306
0.069,0.032,0.058,0.003149487725463003
0.271,0.135,0.844,0.00839948484790828
0.057,0.014,0.098,0.007343323638587277
0.045,0.211,0.029,0.005592618915032673
0.054,0.087,0.02,0.008393125801752738
0.048,0.109,0.028,0.008928754408428854
0.054,0.079,0.018,0.007403790957550894
0.052,0.184,0.028,0.010642185915825973
0.054,0.16,0.035,0.010383948126028369
0.056,0.138,0.03,0.0026849776562479525
0.046,0.112,0.024,0.0022705913277837673
0.101,0.102,0.102,0.0038189395314039702
0.087,0.16,0.07,0.009404282876103759
0.049,0.126,0.022,0.009547832288696899
0.06,0.157,0.04,0.005697632521717441
0.043,0.138,0.042,0.002684471763094958
0.061,0.114,0.035,0.00018898324678034195
0.042,0.161,0.028,0.006172975196008622
0.063,0.077,0.018,0.00760968812640272
0.092,0.152,0.07,0.004634040304745127
0.072,0.147,0.078,0.009948819509388926
0.05,0.155,0.021,0.0015772204665183101
0.047,0.165,0.038,0.010932022814898882
5.5162833643537466e-05,9.156672593685978e-05,0.003676199988691728,0.0007459017522069337
0.057,0.0036117618330499365,0.385,0.0016291184186784475
0.119,0.074,0.148,4.8244217188571965e-05
0.01418885846343239,0.0036456774188860877,0.00039714710503514495,0.0045659699671271245
0.069,0.163,0.223,0.0018680322948120855
0.124,0.167,0.321,0.0060405053008157905
0.077,0.224,0.062,0.004859498481796997
0.087,0.29,0.069,0.006443504668083628
0.055,0.244,0.023,0.004558556656441354
0.04,0.218,0.017,0.0052400891688311035
0.066,0.269,0.038,0.0033524563177916703
0.071,0.212,0.05,0.008131518467554949
0.069,0.371,0.061,0.009598814218106372
0.055,0.22,0.021,0.00859255491019962
0.06,0.233,0.046,0.0038543979122844184
0.055,0.23,0.025,0.0032991738522356925
0.054,0.238,0.027,0.007945034004928655
0.051,0.256,0.025,0.007523487018590907
0.054,0.225,0.024,0.0014018961783085447
0.056,0.259,0.039,0.0031860304395599994
0.434,0.088,0.052,0.00807655186107543
0.051,0.135,0.025,0.009391747536820616
0.093,0.19,0.084,0.008360407376464927
0.044,0.158,0.021,0.004218417294529971
0.044,0.156,0.016,0.007766413779320827
0.074,0.159,0.095,0.007974718701995539
0.056,0.185,0.032,0.003971186140461464
0.046,0.164,0.018,0.004597469785849719
0.054,0.154,0.028,0.0010112509985928286
0.057,0.167,0.04,0.004279391963846775
0.05,0.174,0.015,0.007449602128558319
0.05,0.169,0.019,0.002735185212239515
0.041,0.162,0.02,0.005063341287189426
0.052,0.176,0.032,0.001062891464169603
0.044,0.083,0.064,0.013
0.092,0.011,0.054,0.0021936086790739612
0.012023421575588004,0.003743969225382657,0.0024170757283121743,0.0009999404204069215
0.013904109283425403,0.0027782898601014213,0.0036371432008953184,0.0062163860059983745
0.0002461742666402067,0.003197833209933451,0.086,0.0036694086887943886
0.0020833325208317,0.0005471797168646986,0.003809203486930422,0.009859189853205464
0.012991929955722969,0.0024506494532282315,0.0021255336333970607,0.005889501444114616
0.005931575042605236,0.0010152117148724766,0.002561012309517694,0.005629802174600822
0.010553348115639218,0.003682168032150436,0.0010320529007812774,0.010171593538395416
0.174,0.082,0.445,0.0013338146155792477
0.01530885114808656,0.00018277198278999053,0.0010868387238842142,0.079
0.061,0.13,0.017,0.010485387741923154
0.015838091294433206,0.078,0.0027704963722576187,0.0037621089395167054
0.013709586539399245,0.078,0.0031734029168125556,0.005313066960864217
0.064,0.0028160512770098334,0.095,0.00871634210906175
0.063,0.0025056498662753327,0.11,0.010947474866150957
0.009896126454626807,0.247,0.018,0.0044488465236698135
0.087,0.285,0.537,0.0037355657250179664
0.215,0.079,1.192,0.023
0.028,0.036,0.026,0.0063106908756948
0.02,0.029,0.024,0.006281851326157604
0.029,0.004,0.007,0.005331022963913096
0.012436638655632522,0.00342846936534019,0.0011141183636947383,0.0033311849647020293
0.0006689898289121334,0.022,0.028,0.002208540452931096
0.03,0.084,0.011,0.0062765794485809216
0.017,0.065,0.011,6.566639200832014e-05
0.03,0.109,0.011,0.004439585917786504
0.017,0.172,0.017,0.003767574778296885
0.027,0.073,0.01,0.008468850734678965
0.007377311628744537,0.09,0.011,0.005568092898441948
0.0021772260930647998,0.061,0.009,0.009537636155640475
0.02,0.088,0.016,0.003556345830858563
0.010162357170423394,0.002301896579992315,0.001437124525690008,0.005221374516236296
0.065,0.003151180796586283,0.003751460693695754,0.008681652059642313
0.01238915252705413,0.137,0.0025821956098997577,0.010171556604372195
0.0107213012039339,0.0030365476748074483,0.000832214077682607,0.000618365653096709
0.0057135167365004345,0.0019731326385447547,0.0022861479857700933,0.008748360508411683
0.017,0.023,0.022,0.007394722030061751
0.114,0.025,0.053,0.016
0.00983826686056079,0.0003284075326765641,0.003622590601034608,0.000207831924547058
0.059,0.051,0.094,0.0015082424967176227
0.0092754121453656,0.025,0.012,0.008731128836724479
0.077,0.047,0.01,0.0031085010460048064
0.069,0.054,0.079,0.0017525043892340116
0.173,0.043,0.187,0.007886631068107573
0.039,0.083,0.054,0.0008774717891730892
0.0016343567066532216,0.003055096829451743,0.0025503338143530625,0.0022713590760409636
0.0038237667465846367,0.0014657449921724917,0.0003455254571446735,0.0017106632391964062
0.084,0.00031878648125862073,0.086,0.0017414526358112872
0.008298762419598333,0.001899744008938404,0.0006997444047581403,0.005767591329397867
0.092,0.00039884702855512314,0.0015050162989344237,0.001442571549449592
0.002638779164538329,0.0011926636039799221,0.003410422256777314,0.005911036022771743
0.144,0.0037607743881025867,0.0011574331645376964,0.004805315419800645
0.056,0.0011902355251344466,0.002027558263279329,0.009352196456616299
0.062,0.0013893619817265668,0.0011732061823973533,0.005580650340766999
0.053,0.0022294586744419226,0.0034773630009128833,0.005191169588418767
0.083,0.0005002413863584506,0.00014955761574214456,0.010649133792322574
0.24,0.633,0.446,0.018
0.052,0.015,0.08,0.0032303995953488927
0.056,0.034,0.163,0.004691141383632942
0.015391075383785317,0.0023628742783684724,0.05,0.010692152051566248
0.012564269981989479,0.003892132416640144,0.053,0.010360536653247886
0.093,0.0035311298946828014,0.085,0.0015346277471802155
0.094,0.0011585929160581202,0.104,0.010297862758949177
0.636,0.048,0.659,0.012
0.073,0.0017871935872881078,0.1,0.008434292510628926
0.119,0.0004011125708355241,0.184,0.0038643687030607936
0.006563548109289736,0.0003140087029749634,0.0022171614096199244,0.007053720710859688
0.010144975814336887,0.0037090243092337124,0.05,0.003646029987377834
0.014372411522858577,0.002812687241707228,0.0002697537021864429,0.002261141447807518
0.076,0.0028448352906284484,0.139,0.0025863150773022944
0.007014484451182067,0.00048402453141959214,0.0014658387674635863,0.010277675389087087
0.005714882610490127,0.0010396339808192354,0.00014704707945679109,0.010973035302060348
0.005657710050614203,0.0004991426071499556,0.0013506026857726635,0.010334001472304889
0.007808709764531221,0.0011947754959556556,0.003284187683292223,0.001186326723367087
0.007570696813261863,0.00342485463812204,0.0016477488616847178,0.008617501534160042
0.013791695724097114,0.015,0.028,0.005545494206553188
0.008380264690319373,0.0036973047957483134,0.0014364827754746146,0.00218800786938446
0.0022994086537188015,0.0010964965234119069,0.0014558775713224854,0.006931968101723082
0.015978504288122072,0.0038564408098854587,0.002771833678143967,0.010651948494812167
0.0024454797961144053,0.0010994991703356242,0.0023054324312168487,0.0012148951051192364
0.00573939963928844,0.0028146641947345025,0.0008573727877125919,0.005366303853902718
0.003927579033816196,0.0014448373862221081,0.0005263208192528648,0.008731329820168023
0.091,0.0014741105055662937,0.0015846348784538003,0.01087398910679812
0.059,0.0030944747306834008,0.0012980209298239216,0.0004815033504972276
0.061,0.0033486828037441927,0.0011192559895618097,0.006284982862936396
0.004753502151026165,0.0011841052849101818,0.002603821140987789,0.005238672682564382
0.014424243889465733,0.0009922206183973273,0.002181774542452425,0.0005223048354466209
0.692,0.427,1.266,0.022
0.056,0.105,0.108,0.014
0.012429240782113504,0.0019292297060784446,0.0004524932543211238,0.0086984024270174
0.015922669954609732,0.0027249906925625044,0.0024990544243437174,0.00758159861762458
0.004701467673291152,0.0018657802023305404,0.0013359433859734988,0.009504575429439948
0.0014216969989043183,0.00028514274041779554,0.0032041012373070004,0.0011739208853796662
0.009632052627069808,0.0027692419392073386,0.0010799157392143686,0.00163602479955308
0.0032072450140988363,0.0002878757549186548,0.0017809385591947633,0.009026435418350668
0.0030259138806713252,0.000994498396122398,0.003444684449977813,0.0007897986217212892
0.0033516331149602385,0.0012640938935145245,0.0022706949765518535,0.00026100383837686066
0.338,0.268,1.136,0.0021737185309809244
0.193,0.286,0.663,0.0038763924441297024
0.067,0.001890286129488667,0.0012926264974486164,0.000981766422145661
0.014694303540424034,0.0032269538068452033,0.003141764066659555,0.0026798546933747723
0.00417671375007127,0.005,0.013,0.002515992991440627
0.005744950498641785,0.003449043901273401,0.0028546373240596877,0.00735042223411666
0.08,0.00018570224038401718,0.001901059191829913,0.002456370884627329
0.015796490520294047,0.0031592032103443758,0.0007685451018664704,0.0077337129127761865
0.002300360417053504,0.0025834587204746464,0.003164476396698336,0.0074086171121116595
0.007331311665210377,0.0022192377430435978,0.124,0.008143706361869467
0.058,0.0038164637700785274,0.195,0.0013357554428008443
0.066,0.0032351934375993087,0.116,7.902917545868448e-05
0.0017473066496606596,0.0021659469241408096,0.074,0.001191313014141635
0.155,0.009,0.738,0.00046964448961410384
0.008740837926592008,0.0029014500068390344,0.0017172423518532671,0.010849970868085864
0.006289226825313167,0.002923505827837362,0.003157159188363762,0.002054175008049085
0.012545461453510843,0.003881092615228658,0.0026692533037904003,0.009345120733620415
0.00044196605031136647,0.002781102443883041,0.002605853071931677,0.004351899582025859
0.045,0.117,0.06,0.0023245511350019564
0.008010526945281789,0.08,0.061,0.009481414233583996
0.055,0.057,0.014,0.004141085262290254
0.011116214071577079,0.00038040868153558496,0.0036612210951472474,0.010684418451157075
0.00826301612417265,0.0004146971821586174,0.0028966487357638205,0.005630619162793601
0.037,0.015,0.008,0.010052869204029568
0.104,0.025,0.019,0.001550365438390317
0.02,0.007,0.041,0.003236958978433828
0.021,0.0013964984370118114,0.04,0.008527113780988981
0.025,0.009,0.014,0.006967255746821619
0.042,0.058,0.037,0.0006213626766295912
0.0046485090138795775,0.002714769103259374,0.002713836978326154,0.006090239634349812
0.0017988678653767655,0.0038052358660084122,0.003299123740248072,0.004918957205766908
0.0021229186666084222,0.0025486570515304086,0.003241371791276285,0.0006896267950794091
0.0159620752999088,0.002318742999447179,0.0035308061423819322,0.00028900461534312236
0.006620325819540659,0.0009592136207922347,0.0016437709940208488,0.006247064672888533
0.023,0.158,0.033,0.00039305394874684463
0.005955983975133249,7.910821891073816e-05,0.0004643859471422349,0.009467682950343522
0.007624850340476235,0.000650525934793961,0.0019461234255985637,0.006525979751533598
0.162,0.061,0.257,0.00695581226997701
0.01201245196644568,0.0012420437196173286,0.0026943162028402142,0.0036159037447156812
0.0030072210147680458,0.0017893005531299426,0.0008405641835921016,0.0051029142532720145
0.011672286893397112,0.0032085100049006124,0.0008153063554342492,0.00023812941790320706
0.235,0.033,0.171,0.0009487954645289693
0.034,0.178,0.023,0.013
0.023,0.077,0.022,0.008846049463409075
0.027,0.08,0.019,0.011
0.035,0.137,0.022,0.018
0.062,0.006,0.007,0.009852356688829373
0.112,0.006,0.007,0.0024378440847371745
0.104,0.006,0.007,0.008516218898120567
0.149,0.005,0.012,0.00750846004128813
0.008164913658246965,0.0002685919443358613,0.0025644130674130567,0.007658499288560351
0.065,0.044,0.01,0.006439154649660216
0.076,0.024,0.079,0.00693571910971594
0.005021084696340258,0.0032701892103299593,0.0026657297425088863,0.002832464450198444
0.002878868988253851,0.0013292867088440833,0.0009428397154953144,0.0015919074719722647
0.094,0.0029768989521269007,0.002055509108886599,0.008046823635093578
0.081,0.00391882929323749,0.002340234370362548,0.0002638359599375116
0.043,0.0013662182012482069,0.004,0.00665769380904596
0.046,0.052,0.058,0.0055396448420379696
0.047,0.016,0.101,0.01077949777665168
0.052,0.021,0.09,0.007874759673285707
0.076,0.064,0.0028150109748858046,0.003825024694949536
0.0030178700974459963,0.069,0.0006567106698432764,0.004449118398050631
0.0045978180042034805,0.0024886739770992815,0.0021312984438408493,0.009662881397449008
0.02,0.007,0.008,0.005290947128916499
0.009274671356864392,0.00197503218530281,0.0007545555655785425,0.006232034603379815
0.005160747044849298,0.00017775432533792613,0.02,0.005858762679848987
0.006922210710272348,0.001572298474129307,0.00033342744796062006,0.007539186537949927
0.0130707944315273,0.027,0.01,0.007908206792314474
0.022,0.077,0.012,0.0051984350942163035
0.024,0.077,0.007,0.0004583875489223732
0.055,0.029,0.01,0.00120035054733725
0.288,0.092,0.124,0.005211494839337284
0.119,0.114,0.017,0.00934750416135371
0.105,0.124,0.014,0.007393262202558628
0.068,0.0025988717146484125,0.0006630595928015857,0.0005116636240487532
0.0007980280174096511,0.00024502003269601856,0.003910857337360065,0.0005204744052392958
0.089,0.0038861680703386517,0.0006537917778597877,0.0009549588448493679
0.001343217907125311,0.0018083338300323634,0.0038837829049121835,0.004364537236826584
0.004242318692435706,0.0006417189965654298,0.0010851463411097192,0.0026886400978570544
0.015625955423631883,0.0015775458355050725,0.003797162236710968,0.00562929869622593
0.005280799807085238,0.003266351558724951,0.0016361182397361912,0.0021682146100870624
0.086,0.004,0.01,0.006836590035753296
0.055,0.0014245466432431617,0.006,0.0020197685345979166
0.043,0.0035458584941123316,2.0744364331363398e-05,0.004063860732481948
0.037,0.0009208909142924875,0.013,0.005468271074151305
0.01263961599822583,0.0028669444068527613,0.00014393470558021448,0.007540484977575115
0.016,0.104,0.037,0.009065182281791505
0.016,0.031,0.059,0.007985975615783833
0.014158967322848881,0.069,0.037,0.005694917121590636
0.005389035090948683,0.0016129238894428308,0.0004007457567542914,0.007214124809391883
0.006831014862693357,0.00399467511388086,0.0010804638162250494,0.0036349386861854165
0.005228727997233765,0.0026146932665218016,0.0016329968911935402,0.0006416737025900693
0.007969683223775868,0.002270900064283078,0.000705720420525533,0.003271928714529245
0.00958985858671881,0.0027379162473907784,0.0038919139236818423,0.008496703700673508
0.026,0.032,0.013,0.004751565235853703
0.013088724871102514,0.0032251011204109275,0.002496574768009924,0.005467687577120954
0.178,0.856,0.141,0.00466778236401214
0.199,1.005,0.121,0.010824775980588949
1.884,0.145,0.737,0.010644768561963157
0.939,0.148,1.207,0.006542521183367692
0.937,0.078,0.887,0.002718654729293074
0.088,0.364,0.107,0.005304528910081426
0.119,0.461,0.012,0.007257562435936941
0.057,0.0008705312805133639,0.0013132363859562149,0.004276834258275894
0.092,0.124,0.14,0.0009821507745891387
0.143,0.075,0.022,0.007958121576266313
0.183,0.116,0.016,0.005726791685585124
0.0016558182243397166,0.003687732196954064,0.0014017813680303345,0.005223851457126807
0.01352589284124279,0.0032149955758450682,0.002850986360930484,0.0039627980278537575
0.003161202422101875,0.003109399694342983,0.0027538360998294368,0.0016253081226506037
0.107,0.082,0.016,0.00042264063021768935
0.003925697402989979,0.084,0.0021566142225668936,0.010570933209623636
0.008688216379758565,0.002519540094390879,0.0005045543163844894,0.0057863003960672895
0.081,0.052,0.0005507850676209976,0.008448387617192174
0.131,0.0017758874735438908,0.0027777858641513395,0.008296941072735252
0.006965595837714165,0.0016513461763637083,0.134,0.0061629312102633865
0.077,0.023,0.061,0.0021638993199504307
0.077,0.026,0.102,0.0040561663658828
0.075,0.027,0.074,0.00023416635014535136
0.012170896819295167,0.053,0.096,0.00425603495719133
0.095,0.029,0.148,0.0036075787328166365
0.001599852391306044,0.007,0.025,0.0052337327286873766
0.007425129761120403,0.008,0.024,0.0027705437589141727
0.094,0.03,0.152,0.009700829801429278
0.095,0.028,0.141,0.004265848935954541
0.091,0.028,0.134,0.010073584458261592
0.088,0.027,0.143,0.0008228040966722697
0.037,0.01,0.031,0.005615172563651691
0.09,0.028,0.146,0.008241218201983357
0.012759714674509063,0.007,0.022,0.005303753513166285
0.039,0.01,0.038,0.005703702754184482
0.101,0.026,0.152,0.004921922918279218
0.04,0.012,0.044,0.009943451833647646
0.098,0.028,0.153,0.00030092157902893824
0.095,0.028,0.193,0.008131096755013684
0.0030135522867341447,0.0022474407184244934,0.089,0.0050105659160726915
0.217,0.04,0.115,0.004783879175555251
0.243,0.04,0.097,0.009583512713030167
0.299,0.025,0.091,0.0028138203030967637
0.461,0.116,0.059,0.02
0.084,0.056,0.011,0.00594560175676785
0.048,0.061,0.008,0.004530835272553269
0.184,0.046,0.136,0.00809015217848628
0.029,0.008,0.056,0.002781911583523505
0.00672337830641116,0.002468560750336404,0.0014558313459321556,0.003914700157147143
0.059,0.088,0.000932991984050179,0.00848546060467802
0.013470209679383057,0.00350851134109021,0.003361105835508291,0.008457338081159723
0.007078223756413295,0.002818748566476247,0.002602265182219525,0.00033024228886184104
0.006317718569593913,0.0019736476548930615,0.00316927670177494,0.002898281533295645
0.0013741931169914618,0.00385899381672074,0.0019756942722823773,0.005950985688779595
0.0009409680996893518,0.0009191372913918245,0.002601080625931679,0.00897263851116305
0.004958011482301128,0.0025388060281150483,0.002835515942944309,0.0055671928327514445
0.269,1.046,0.175,0.0053911165425053805
0.138,0.213,0.137,0.0024705669427851477
0.19,0.621,0.124,0.015
0.157,0.217,0.147,0.00871592062754758
0.17,0.426,0.132,0.013
0.364,0.3,0.304,0.014
0.165,0.221,0.166,0.003668108324878514
0.207,0.579,0.132,0.012
0.156,0.288,0.105,0.004741480124046717
0.157,0.334,0.147,0.009105233716900992
0.215,0.242,0.171,0.011
0.192,0.216,0.161,0.012
0.162,0.367,0.104,0.012
0.216,0.269,0.185,0.009816640312048663
0.414,0.376,0.303,0.016
0.252,0.195,0.224,0.033
0.151,0.298,0.114,0.007028759250821946
0.129,0.269,0.113,0.0105139408745414
0.172,0.139,0.149,0.010201448827847548
0.008165647800908261,0.0010056798021169087,0.0010195833832348958,0.009809411494729546
0.011269212982115981,0.0007144636591174325,0.003008271697816304,0.00011838669699997027
0.058,0.06,0.0013463582228332505,0.051
0.172,0.057,0.0012312409144419481,0.005679531255491182
0.152,0.067,0.0033788293859769863,0.065
0.015548764706346288,0.002769704504299851,0.0008854623784411042,0.00076586225501839
0.261,0.121,0.444,0.011
0.123,0.0023459696645068977,0.0037251534595172616,0.0020939588214293906
0.086,0.0009575963536299406,0.0032806695194395104,0.006641085339282423
0.01536208354384338,0.00046634397288259467,0.00321381513556539,0.007533668150013172
0.026,0.056,0.023,0.00012024348817153861
0.0018371159246242943,0.014,0.005,0.005371603893170213
0.006646163112767351,0.005,0.007,0.005645066249177561
0.010962950053896045,0.015,0.0005537431120245619,0.010693130482419658
0.007143408048682579,0.005,0.015,0.008825970229718653
0.006992509730178805,0.006,0.009,0.0005600145058084596
0.105,0.025,0.009,0.004633054514966256
0.025,0.012,0.008,0.0024403148229226795
0.015390905564406795,0.095,0.0020290404454787526,0.009171188168929582
0.0020983279258855454,0.0008631468910144013,0.068,0.005880959426539686
0.038,0.003107266662699476,0.011,0.007137034815390127
0.135,0.005,0.013,0.0008478485122439513
0.052,0.005,0.009,0.008799883216269157
0.015515904140057463,0.001828741037873301,0.000992196728087106,0.0056831933965160895
0.049,0.006,0.005,0.010387185695422527
0.054,0.007,0.028,0.002088221131337644
0.003566187370211173,0.0015659874679572084,0.002719798759744667,0.00995536789229994
0.00906258646966999,0.0032642322448358527,0.0020346851880063297,0.001627321784376905
0.0003373165927338366,0.001431703981420947,0.0005391438662024233,0.004424453458735794
0.002012997339223558,0.0039046027721863336,0.0016099396242480668,0.0054533070548772045
0.004695281564016691,0.0017794060309308667,0.0035847562938857123,0.007993494075567677
0.117,0.081,0.019,0.005568302318578476
0.098,0.044,0.036,0.007824489943922354
0.036,0.009,0.079,0.003509836151384242
0.045,0.02,0.045,0.009831274079898773
0.0007970891045478616,0.001227161240112752,0.003986269361192561,0.00870368634952213
0.0005956803981852978,0.000972950107357621,3.9089101222889335e-05,0.0061353790714596
0.00614967752826447,0.00043847939200665785,0.00010213591794399379,0.004691166467450362
0.005235712007048861,0.0015606018732080118,0.002816361649500202,0.0019488700290254603
0.012817961828712702,0.0011877241650136705,0.0002037372630548897,0.0052913835208473065
0.007686322843547284,0.0007094391642057398,0.00022407892421152464,0.0038115065643347774
0.056,0.0001718107790422292,0.002604011922164737,0.004879943592529365
0.32,0.162,0.99,0.0036734029277045535
1.405,0.131,1.748,0.008681348277635852
0.012599522831368148,0.0028910577897542904,0.0036016736936427735,0.010709342549192355
0.039,0.016,0.12,0.01080652926837715
0.01575760609300233,0.0017448579810304375,0.0016068098712159382,0.006187283036946841
0.010619758833040598,0.0034357163862952663,0.0023359831242007155,0.0009487332863534697
0.0027816336101501504,0.0007980670480927264,0.0022227728223357186,0.009330791385302005
0.074,0.069,0.0008246768560308709,0.0076123466562092006
0.06,6.506961013020219e-05,0.00229012963716713,0.010639790375645917
0.013455881610854686,0.003972729907102088,0.0036197297127484444,0.002738285421692702
0.012364351931434927,0.07,0.0021931847745954407,0.0031424092431087142
0.553,0.017,0.295,0.008551460605646505
0.00431230828065476,0.00029027751641314215,0.0018030460385437745,0.00751137833437957
0.022,0.057,0.063,0.008705348125374188
0.05,0.019,0.08,0.007503715004538657
0.035,0.059,0.005,0.009146991388929823
0.05,0.019,0.008,0.004832813495171936
0.004337538917225524,0.0033983162824868145,0.003611722951917786,0.00445326686731269
0.059,0.0007801503286103886,0.0013019212615163985,0.0037263855991500716
0.005883580286697683,0.002088926695723288,0.003242652586546679,0.0017115314265276301
0.023,0.027,0.032,0.0032536871570645943
0.048,0.021,0.092,0.0032113799537277746
0.0038643928412754745,0.043,0.02,0.008830566474913279
0.01318979966404462,0.097,0.051,0.0007196993157079475
0.046,0.011,0.019,0.007397470565759808
0.056,0.01,0.019,0.0014468581197101238
0.098,0.016,0.223,0.005404924120984046
0.00217123012995261,0.003888956891375724,0.00024894545501069707,0.00474693265934181
0.01068072729144129,0.0016412888415133237,0.0019845724558146833,0.010856434861179959
0.087,0.0021842015303660083,0.0020139206143489326,0.0001938270370066797
0.078,0.084,0.000871313851103329,0.003909446692426781
0.017,0.006,0.046,0.007007827994210418
0.087,0.016,0.018,0.009334746893332503
0.134,0.075,0.194,0.007903204716080496
0.096,0.013,0.093,0.0017995275144945472
0.01084797087951868,0.000913877857997544,0.003672934753390026,0.0029336869732532176
0.0032512411904894326,0.0005340193904235587,0.0014199880673138891,0.010246793606987195
0.0018117035912965473,0.002075446763109755,0.0038906539057487425,0.008317163671139516
0.002926961057156371,0.001959329844040383,0.002646840063644964,0.0020259068679911603
0.015098913148762034,0.0018046346614980907,0.0023283581507957288,0.00729135688708451
0.105,0.001671114711320691,0.0014327765971658968,0.006154771634439999
0.193,0.053,0.002891545605370455,0.0006130580408332348
0.010199476088545163,0.265,0.028,0.0033487440426735104
0.015185833947758269,0.0022093123705636845,0.002187483309656706,0.0021960478151281794
0.013941116198970599,0.0002762376166628604,0.00333250168974161,0.010395630363236834
1.21,0.085,0.879,0.0077098483858269165
0.059,0.103,0.581,0.012
0.06,0.038,0.009,0.0035823850076268085
0.08,0.041,0.028,0.012
0.073,0.014,0.094,0.007993634992982893
0.012646387962176273,0.002349284751764433,0.0014836475439916304,0.007376410642658623
0.054,0.503,0.028,0.002925447497051503
0.084,0.287,0.062,0.0036890288099052093
0.057,0.235,0.046,0.010583221565189588
0.053,0.03,0.043,0.0017279621157012027
0.044,0.052,0.025,0.009277694152704638
0.076,0.118,0.056,0.008149529236290746
0.06,0.151,0.043,0.0033162579426008225
0.086,0.1,0.066,0.007491200034917615
0.058,0.001365427488019603,0.056,0.0038842064715057193
0.141,0.0008754185116975735,0.003940489055974603,0.004899834164586038
0.177,0.0009639966560029257,0.059,0.010475679295899008
0.177,0.0033871397103318254,0.001867850564798979,0.009547582163181297
0.012483322895520236,0.0013296459335926682,0.0025302612962295177,0.010574928862793797
0.242,0.003767285170748743,0.007,0.00483214612707499
0.0058270650794215355,0.0038243277677233135,0.0007301735788342047,0.010830153034320073
0.010877248940315769,0.00044887407994218973,0.00047429269864521565,0.008417124684436538
0.010198708988604909,0.003090435611175808,0.0019238296219203383,0.006968539955313851
0.063,0.0001125438467479425,0.0004008169648765363,0.0016630770096353322
0.009497493187272056,0.0016166529511509467,0.0013798572947992228,0.007029809331258399
0.122,0.00012869868557096575,0.003804468951366513,0.006526279770984791
0.044,0.0033438482715959952,0.113,0.009136342081671151
0.04,0.005,0.0014414239579933345,0.0037931122884790045
0.056,0.007,0.008,0.0014440806292516284
0.043,0.022,0.02,0.010685423920511264
0.037,0.005,0.005,0.010845268600842867
0.024,0.001332976553297764,0.006,0.00978869588587375
0.028,0.001982779766952478,0.007,0.006637265204791503
0.05,0.004,0.024,0.007045793531513058
0.056,0.005,0.012,0.004272746594306724
0.034,0.005,0.013,0.006973203524151479
0.04,0.094,0.01,0.00034699012632785983
0.029,0.119,0.007,0.00488031961885707
0.341,0.13,0.139,0.007850419450321052
0.264,0.033,0.176,0.0031701691239455127
0.262,0.031,0.202,0.005223276978404665
0.08,0.009,0.091,0.0007900634992927731
0.072,0.017,0.08,0.0020169590412488073
0.092,0.014,0.233,0.016
0.092,0.03,0.157,0.017
0.034,0.029,0.014,0.003991282045516232
0.032,0.009,0.006,0.004946355276650172
0.046,0.007,0.005,0.005937665593754371
0.043,0.006,0.006,0.005290345373721941
0.04,0.007,0.006,0.010735414553168244
0.03,0.003495983679104966,0.005,0.0045355872561646
0.002163505393561831,0.002665353022421224,0.104,0.004525142656690852
0.016,0.034,0.204,0.007524427548225598
0.015942856036749557,0.002145082351619809,0.003998261344852933,0.0009576982974538193
0.01356944067000389,0.0022594912281767676,0.0011474159274648362,0.0009660474163468167
0.017,0.013,0.005,0.008835465215082756
0.0018383835933588806,0.0031401416278827267,0.00217830895357335,0.0030099710902241235
0.008659486397261378,0.0010784474016128259,0.004,0.008718362932228349
0.016,0.0018706151869850984,0.016,0.0009151839114374097
0.054,0.0006734311247525327,0.0014476098043072888,0.009485616994156662
0.013552259361138618,0.0009229522801142931,0.0005061553409671076,0.010613857710725831
0.075,6.662111763854073e-05,0.003119169792035697,0.0032792556624747296
0.017,0.033,0.013,0.004489142718985087
0.11,0.042,0.011,0.004251724491163244
0.064,0.062,0.188,0.011
0.013607747217040108,0.000621156062794467,0.081,0.0019984251296160977
0.007910443714971401,0.003644743542358407,0.072,0.004400169190844296
0.08,0.069,0.183,0.01015324967538228
0.084,0.076,0.16,0.0026614622464117103
0.073,0.04,0.101,0.0011962606762637598
0.124,0.107,0.316,0.009543007837075746
0.273,0.057,0.293,0.0041741353673078
0.076,0.299,0.042,0.010013069186148069
0.139,0.036,0.156,0.003797787933179018
0.098,0.184,0.02,0.0013064673800604243
0.002881380011095059,0.0012687214548803198,0.001540068679488007,0.010102052789942596
0.052,0.0021026997710233736,0.0036299475332858826,0.006195941184501694
0.062,0.003981920466029895,0.0005664299336750962,0.010076037223239057
0.09,0.053,0.141,0.00804090156827033
0.063,0.046,0.119,0.0004956571939353474
0.014435843326235653,0.002293019876837273,0.001147799639314535,0.007146292993161249
0.005059172770350699,0.0011580733109241375,0.003419222699856944,0.0072388512588558345
0.013550433710372064,0.032,0.013,0.004722005194409943
0.0005003139289973113,0.006,0.019,0.001197433786065803
0.021,0.012,0.274,0.002384287445655526
0.338,0.063,0.455,3.0284193983172167e-06
0.01216002851823724,9.489338208670173e-05,0.000346717761573081,0.0012516683258229932
0.007404527480329597,0.066,0.00011679372817070677,0.005810433051228278
0.006631724283554897,0.00017973377393742717,0.0026730890419514475,0.008864426233675999
0.237,0.061,0.275,0.00849727253022319
0.00026112201199726746,0.0009447265141337416,8.681572374906699e-05,0.010750268222787426
0.19,0.062,0.206,0.008332980760630087
0.035,0.009,0.015,0.008695826065258403
0.045,0.028,0.106,0.0001998783297644956
0.049,0.014,0.147,0.0008805447550014026
0.157,0.048,0.217,0.008367050996390396
0.021,0.005,0.018,0.008302462908952306
0.00849990670554834,0.0017567282529289666,0.002490110154626013,0.009275797998739559
0.0008674413025038419,0.0005826073595226897,0.00023388201756399063,0.0043070597478552
0.076,0.049,0.052,0.005945627163134509
0.009579698307367898,0.0036791301128066534,0.087,0.0021737217941906204
0.00018996705173353944,0.002427964066037638,0.003801815254794513,0.00040725350023862315
0.0037675179708419296,0.0009286604678464587,0.0020335840104468783,0.007000937244250614
0.176,0.029,0.233,0.006763907805881502
0.146,0.026,0.198,0.007266990211862162
0.004517301621849167,0.003744135989805383,0.002799689855508375,0.008576400654560794
0.011805044073825146,9.60438043728078e-05,0.003550622608931061,0.008492393467520449
0.028,0.005,0.013,0.0007485435427738303
0.021,0.008,0.004,0.005950189333769058
0.015039209314392921,0.009,0.019,0.0077719049924062575
0.026,0.004,0.0021363211061783045,0.00719610458609432
0.024,0.011,0.009,0.004503953513862141
0.126,0.196,0.156,0.003196828350996264
0.063,0.111,0.073,0.005117585370588264
0.038,0.02,0.053,0.006273792889357785
0.0024849053806963255,0.00026735102579909456,0.057,0.006589272501791538
0.003427641450653768,0.0014615884372430933,0.0019522653986501694,0.0003942654431040313
0.054,0.016,0.033,0.0006783739783342218
0.001007789291908095,0.0017738497041001429,0.0005421515583857058,0.00178840817806604
0.015782033207881043,0.0034615612350825473,0.0031682482728144505,0.01082487485543353
0.161,0.033,0.22,0.0014644421524593202
0.18,0.039,0.262,0.007653773258423553
0.077,0.039,0.149,0.0033742810090235205
6.487773943063324e-05,0.0018864923220516753,0.2,0.002803896622991377
0.00012991085077861087,0.002395215168882095,0.135,0.0005866326627467357
0.000303759538705334,0.0003227043946325265,0.254,0.003981992677502384
0.008181489883459146,0.00033068214693024656,0.003979526295629473,0.004163104298935324
0.015143048446630296,0.0008230116060361166,0.0026100051246500987,0.00599779268647356
0.008532646212015927,0.002888773298003589,0.0003549029776960202,0.006631895476794092
0.007514498478458979,0.0035038021075867692,0.0005722062758717286,0.007064331912115123
0.072,0.06,0.008,0.004599224542595837
0.062,0.009,0.008,0.005614240793746901
0.173,0.001242917175238517,0.269,0.002157647601434186
0.0033840878131592297,0.0019537889123175693,0.0024245014924008995,0.0044598429332484354
0.0025250514713884655,0.0026239037120361964,0.0028381304596680314,0.005870707501026569
0.173,0.0036489227589950944,0.217,0.0013734251712302634
0.01571732204756827,0.0018598361404956526,0.003514198140259098,0.010090551639006946
0.006548930833504284,0.0031509947628970475,0.0016768286264084128,0.004080273871095621
0.069,0.404,0.794,0.008564224893962562
0.148,0.029,0.022,0.0052865789879264725
0.137,0.325,0.401,0.0059281328293706425
0.027,0.014,0.349,0.009291777190359058
0.073,0.027,0.24,0.010424780371711856
0.196,5.579168800875723e-05,0.291,0.009809508945252647
0.032,0.102,0.068,0.005805603229322462
0.015893610852609454,3.409634862221456e-05,0.0036003039344966806,0.004738708778954828
0.026,0.014,0.073,0.002301234172241392
0.024,0.002198763621070814,0.036,0.0014589927179308603
0.027,0.003915310245289024,0.015,0.004816882373645399
0.016,0.001139376012535836,0.013,0.010586755738924165
0.0022727764761651522,0.002098531431833759,0.015,0.00206688591199049
0.155,0.0026591814449708475,0.273,0.002082872670578785
0.03,0.006,0.004,0.002298128334220984
0.013955655930307858,0.0009503599595053048,0.007,0.010664127847556389
0.006106017195840172,0.004,0.007,0.009588787869564575
0.0115870247777844,0.002831368377592992,2.572078394631605e-05,0.010141187322799616
0.0013619954153952865,0.002504648410556049,0.003993216009482641,0.0043655053179391095
0.0026384371810500656,0.0028434729321348447,0.003529238240731886,0.009193346036380785
0.113,0.105,0.466,0.001390395693445288
0.092,0.38,0.092,0.006707171117764385
0.019,0.032,0.072,0.004709039932606583
0.265,0.345,0.479,0.002633026358971035
0.243,0.668,0.438,0.00936416428236256
0.056,0.462,0.036,0.007467158210504413
0.002720501468472772,0.000164919772980209,0.00030312893156313734,0.001262140355004507
0.017,0.013,0.007,0.0033782353817122263
0.012795097496700032,0.002340318689390032,0.007,0.009821497799383605
0.188,0.197,0.136,0.007976274010843144
0.0063829001603970745,0.072,0.018,0.002494476592159389
0.06,0.019,0.007,0.005751089694707341
0.055,0.017,0.122,0.007981953640667006
0.015415252931936236,0.747,0.054,0.010258179108708474
0.097,1.016,0.132,0.006213078626880933
0.13,0.437,0.066,0.0050330522584796766
0.14,0.572,0.051,0.004562973055533613
0.104,0.053,0.209,0.007949292944032826
0.197,0.124,0.199,0.005966465777241576
0.177,0.13,0.298,0.00030945702203551557
0.109,0.03,0.098,0.0007716173473928562
0.169,0.003481550354670676,0.271,0.007574910173154258
0.169,0.192,0.194,0.0018521705537837244
0.163,0.144,0.242,0.0015468991737086625
0.127,0.167,0.156,1.1349711442974475e-05
0.185,0.000308449709847304,0.269,0.00046326833558416963
0.008050133450594656,0.0030556134737528464,0.002266445544445685,0.008633586065432146
0.008716015658232837,0.0023291412371214447,0.0037319830526806024,0.0008512890256356204
0.013527910741206612,0.003254827697314098,0.0014453792191190082,0.001849336591186448
0.003747041514429757,0.0034635127179229565,0.009,0.00019994345993389572
0.09,0.032,0.495,0.008352352578804229
0.174,0.0006368211037894578,0.236,0.008696711934191291
0.028,0.087,0.088,0.008507192166966233
0.071,0.053,0.113,0.0029515915589391423
0.04,0.048,0.097,0.007813499870366043
0.042,0.037,0.109,0.0048621643926374586
0.0067724162354770474,0.0031542186187717147,0.051,0.00010382045981262754
0.002458083244436123,0.0015052270571802669,0.108,0.007816008745679746
0.047,0.044,0.086,0.028
0.069,0.064,0.173,0.013
0.028,0.039,0.04,0.001715309192611992
0.055,0.027,0.095,0.021
0.083,0.039,0.177,0.018
0.0008850996980820795,0.0032251573719028355,0.094,0.003695332371837451
0.218,0.402,0.198,0.013
0.064,0.233,0.172,0.009149431448615982
0.086,0.178,0.016,0.007554095971243994
0.071,0.086,0.014,0.0008905061362500094
0.061,0.002897366252208063,0.141,0.008622979807697351
0.238,0.213,0.053,0.0022717249651145236
0.229,0.079,0.101,0.004759204669810758
0.311,0.037,0.023,0.010184389078197294
0.257,0.019,0.106,0.008978282952393299
0.088,0.016,0.013,0.0037518886320074252
0.065,0.013,0.013,0.004807279275035715
0.112,0.017,0.013,0.0003457149274230607
0.075,0.006,0.009,0.008180374620607188
0.197,0.015,0.127,0.010627428111644249
0.137,0.0007600901967608298,0.064,0.006664507422530615
0.139,0.011,0.013,0.0014238628296507872
0.102,0.023,0.015,0.003111689624910213
0.086,0.031,0.012,0.00831447703831579
0.134,0.005,0.062,0.008376482542773511
0.048,0.011,0.009,0.00641522853475952
0.037,0.005,0.009,0.007564878274546618
0.181,0.025,0.049,0.009572795624310763
0.006018712852274147,0.0013388769505966857,0.0032406253623351177,0.0012640038509538992
0.0004060579024890512,0.0029233555588844893,0.00363962801171807,0.007201083155365947
0.151,0.05,0.214,0.0009131731126973351
0.009074351322080709,0.0011913643412396371,0.013,0.005778154481519156
0.014613274402542875,0.00018112984831025747,0.05,0.005803286102641646
0.010810031157662015,0.0029853144895917276,0.056,0.01075129052580235
0.052,0.003745057369213283,0.068,0.003666297526224779
0.026,0.005,0.025,0.0004156343439297597
0.044,0.465,0.024,0.010431224952821075
0.008605441673940926,0.0006446256382605236,0.001014981798645648,0.010857550660972862
0.0006801890901635641,0.00013491514010556706,0.0005183956217008956,0.009821753862368597
0.012873868727178328,0.0023431680103392196,0.0019488312536621857,0.006762946884778379
0.006189557121108365,0.002203496521604453,0.0011604022373357377,0.006637271395233781
0.011206677901114587,0.0026680245827453,0.0016211583552859254,0.01020203639681679
0.004727367186137684,0.0007032126075416039,0.0030663446236475337,0.006571401465021679
0.006063872032341058,0.006,0.016,0.009645056095867613
0.007001236826174333,0.011,0.017,0.006557414876173453
0.004830570575046858,0.008,0.022,0.010545969189643343
0.004488712279519403,0.0009555506725756869,0.082,0.0005766888706097464
0.0009267625266292417,0.00015662311878341263,0.002086522743792984,0.0028257400548155802
0.002765527957566528,0.002789174822923479,0.058,0.0012909069471353002
0.087,0.026,0.388,0.009475279071124042
0.004271748803731582,0.002063303177825329,0.08,0.006928082744873116
0.005168706448733911,0.122,0.0031192649131263368,0.004112746845636644
0.064,0.0005529875458948377,0.0018600104464340616,0.010246562299916868
0.077,0.053,0.062,0.0011777754285696473
0.183,0.003357448926087645,0.056,0.009143720178033667
0.0013800299560235293,0.0007412110861312091,0.0027292079228795943,0.002537951321312167
0.055,0.177,0.048,0.009594553782712808
0.059,0.147,0.038,0.002944889698786127
0.006732169923631402,0.001441587014238102,0.0016554681790323946,0.004726403105440407
0.013609003909899416,0.0017629250783118607,0.0016348796215388166,0.009647155083150435
0.007001131361258135,0.0019279939151748136,0.0010095044831407295,0.0031978796981763946
0.00022912458799106972,0.0026846530711416936,0.0023019334605869192,0.008377884617132455
0.006262100741992461,0.0033738685793026314,0.0037397652420124855,0.004115075119322971
0.042,0.009,0.021,0.006104744477778862
0.045,0.017,0.07,0.0004524510347870649
0.051,0.061,0.033,0.0024308433041799354
0.032,0.039,0.055,0.0049365500508737024
0.054,0.012,0.06,0.0067908502563674596
0.025,0.004,0.0014552534744304052,0.0005126890158981374
0.014712001853865363,0.0014861092810303322,0.087,0.00613121477711459
0.007353631555360888,0.001422505209239494,0.142,0.008349565456661342
0.011535424707661002,0.00289272491918981,0.0029582289894732757,0.0065748516906384636
0.29,0.04,0.156,0.008174928748938284
0.352,0.047,0.223,0.00941383064665373
0.113,0.024,0.141,0.007164836880708236
0.15,0.022,0.116,0.000914607683020261
0.089,0.031,0.133,0.0016447462148614109
0.105,0.041,0.216,0.010909100626868281
0.139,0.037,0.296,0.004852551706417342
0.138,0.037,0.22,0.008382415467901043
0.111,0.03,0.229,0.008620182350620426
0.124,0.039,0.396,0.010177040411429542
0.157,0.078,0.485,0.007113648470121248
0.07,0.022,0.096,0.0088383534273371
0.109,0.045,0.184,0.007662597492227752
0.185,0.049,0.256,0.007524673873710712
0.139,0.081,0.182,0.006092188691182151
0.123,0.13,0.077,0.004193388969263441
0.16,0.077,0.185,0.0027981998626731056
0.141,0.086,0.112,0.005843624127081292
0.135,0.028,0.097,0.0076113880055336414
0.114,0.049,0.107,0.00716395956172045
0.119,0.086,0.173,0.009084042758988426
0.128,0.065,0.118,0.00225802106098594
0.126,0.078,0.11,0.004568903282100227
0.0021977619500553143,0.0031720951557616833,0.061,0.0008476294608513881
0.010956371734618674,0.053,0.085,0.0045742370547101775
0.0022370185685787066,0.0025957357819430984,0.0029530943555753663,0.0034016365582983698
0.010942879080512112,0.0006744244493047682,0.0007263278484193196,0.004457206604113119
0.012215175682318996,0.0016119801913516997,0.0025009335041325065,0.004728701524585025
0.014861628962579827,0.0014809264127570736,0.001067622826888039,0.003911215351786454
0.010822459175328694,0.0021525598003177405,0.0016813398653707657,0.0010975331248721726
0.008698305368246336,0.0031239787018273483,0.0007449842298449432,0.007198866025620005
0.010763693628236603,0.003885800807573022,0.0020761342113097088,0.0009665634876236682
0.0024579576502013387,0.00272282122959049,0.0018638198582550838,0.010160821976762215
0.226,0.025,0.076,0.006940400119622243
0.062,0.015,0.035,0.006159835108190921
0.006638699133783263,0.001532337567583424,0.001219437791201162,0.0029228341367037846
0.006847741804574142,0.003206990094910439,0.001917904737042358,0.007781952652696253
0.0005776884337893283,0.0031999371263268833,0.0014145635658896012,0.0076513641041527775
0.063,0.068,0.001888227852348129,0.007434498453389001
0.104,0.294,0.014,3.541573026026867e-07
0.013231281278329152,0.0035539689746910312,0.005,0.006062409561552063
0.008853696176563992,0.0004190698873112004,0.004,0.001865104635414896
0.00756650999839949,0.0002449912937457701,0.0006752280928876866,0.009826768766635
0.00507906692459119,0.00232369360170857,0.065,0.005627778399766828
0.004993546393735415,0.0027423954358582257,0.004,0.00731221506044
0.011719556923246742,0.0026266617021916466,0.002685785219280228,0.006749895972867994
0.004059320743375876,0.0010833597794921497,0.005,0.008995144641260833
0.0005750687551875711,0.0008632593062165719,0.065,0.00924232621122888
0.124,0.28,0.148,0.0019177457262756828
0.011426489730256804,0.025,0.155,0.0012735316588318398
0.114,0.021,0.166,0.006422978579924271
0.082,0.011,0.06,0.004525996155483041
0.1,0.027,0.096,0.0017897999071657016
0.109,0.048,0.121,0.004264722017003458
0.149,0.037,0.152,0.005963670201317401
0.134,0.031,0.124,0.005043649047616197
0.161,0.072,0.206,0.010826265030667864
0.111,0.02,0.167,0.00962606030903151
0.089,9.341942522994184e-05,0.09,0.008141841269092641
0.033,0.007,0.009,0.003199238453895734
0.019,0.006,0.0031300393188285515,0.0024599436523518267
0.034,0.012,0.0010635905610029855,0.005978392350272002
0.010706891483513737,0.073,0.0010709624688876739,0.000630433958917828
0.0065062217114956996,0.00270306687140154,0.053,0.0010692371242599567
0.05,9.942145138696335e-05,0.052,0.0014588561278329956
0.058,0.097,0.053,0.0036613062760698736
0.162,0.076,0.0034635753636458673,0.006495086838222089
0.048,0.067,0.042,0.010718880391457906
0.011096680966874484,0.033,0.032,0.004451077647061551
0.028,0.032,0.036,0.0025095016384233297
0.018,0.01,0.048,0.0016149587406465522
0.042,0.043,0.08,0.008150941459901575
0.007058430704692846,0.018,0.025,0.008303855846737375
0.029,0.038,0.023,0.004858704590517434
0.011078751199333771,0.0006633294203870422,0.0027379806633204347,0.004280856156344453
0.034,0.044,0.085,0.0003787504944051051
0.042,0.037,0.098,0.006373301806579629
0.014223913406279338,0.032,0.043,0.005945352307254181
0.006145129932228162,0.00037439672564785554,0.00253360175585114,0.00848577378381611
0.006174472750155938,0.00399829463947458,0.0009101748071720377,0.0041797840211190655
0.014431734247263154,0.0020058390707185484,0.0005434582570338722,0.0003125982749155107
0.0075313612339593826,0.0011825920944100487,0.0017666004627861396,0.0076112833860455765
0.013807395151757752,0.0005512293900861032,0.00012668281565537986,0.008479162113931715
0.006232817659475865,0.0010085454505705763,0.0038197766292562695,0.004254559436263733
0.013637040238919566,0.0024758107513105764,0.003168661708164563,0.004827576536362745
0.085,0.046,0.1,0.008637714924093454
0.007361996842183412,0.168,0.003861384396063717,0.0034247197273965784
0.010676056636270203,0.0032024520141274867,0.132,0.00042244045176684805
0.004917315853077348,0.0018526303767370119,0.089,0.0029721879858814067
0.07,0.074,0.055,0.00559307902445183
6.527967947465819e-05,0.185,0.0034366661497906587,0.007615596753698129
0.136,0.075,7.140754830611452e-05,0.002609391745950852
0.015274323603992215,0.0023684812640243583,0.114,0.0022963021754624125
0.048,0.071,0.027,0.0038531069748794188
0.037,0.045,0.092,0.004765170020179353
0.004849063975749994,0.049,0.005,0.0036152926174456428
0.015300531086136215,0.05,0.005,0.0021766588767934796
0.009196069309343599,0.00267980960694416,0.003515249693261668,0.002503818147002006
0.008938071918973115,0.003219691544006134,0.059,0.0017046601696737846
0.0039821362545731116,0.001611004076823135,0.0008929775712841059,0.0014887284236450528
0.012120120373431213,0.0008734062634456179,0.00021675195222029675,0.009782648454219417
0.010984227521102247,0.002370127715081997,0.000392341777724702,0.00488600317309824
0.007660376264898105,0.0020468130891526156,0.0015899433778882584,0.0008741049941318514
0.058,0.003971085882769831,0.09,0.007481028932313736
0.019,0.005,0.015,0.0036274929178114553
0.039,0.011,0.03,0.010108063551597534
0.033,0.01,0.029,0.007807884672455794
0.031,0.004,0.014,0.010783491058673088
0.023,0.004,0.012,0.005836634368914953
0.03,0.014,0.079,0.007514332716862123
0.021,0.02,0.078,0.0011795015875102855
0.026,0.102,0.097,0.0019227577050198038
0.028,0.054,0.056,0.005885641764654788
0.029,0.018,0.072,0.005537587671611857
0.072,0.041,0.177,0.01030040142232631
0.082,0.032,0.066,0.01096965129132554
0.099,0.064,0.149,0.007941802982362611
0.065,0.03,0.077,0.00961097468219717
0.033,0.06,0.061,0.0023800045944540435
0.127,0.039,0.2,0.0021260159285839846
0.075,0.02,0.083,0.0038743251693911804
0.013363216804151869,0.0022125090358539735,0.0001428450684879583,0.005427800399843695
0.008152587056377236,0.003990948446783072,0.0033957783763942373,0.001960125090069881
0.0041413994807089835,0.0015639790739159594,0.003503812680520757,0.0046046277590883755
0.014114133828963728,0.003583339049299314,0.0019159488707101442,0.001865424003508846
0.004094388752979992,0.003449965066673721,0.0016665675238198548,0.01041698436891205
0.193,0.028,0.135,0.0006389521169737503
0.165,0.062,0.392,0.007013139885553214
0.126,0.023,0.175,0.003325938472867412
0.116,0.035,0.176,0.0016376441325204934
0.127,0.043,0.221,0.007146039719902519
0.009717527977440334,0.00045781857571603715,0.002106498731766896,0.0070513618127177
0.006872862352824163,0.00047252476004727706,0.002525677731235038,0.003007227551758012
0.02,0.084,0.022,0.009832337365865952
0.01134235556882386,0.003939008758675434,0.0013118568068198654,0.004798908669376255
0.013792140989030484,0.0004796394474737049,0.0026468319230503828,0.0038455755581539696
0.009134443311677405,0.0027959729425868713,0.0016371905200047467,0.004553221320674582
0.009680132234775062,0.0032583171390620203,0.0036538366388037947,0.0026016677902846045
0.165,0.247,0.309,0.0010010241532845308
0.036,0.013,0.066,0.008175943927699193
0.033,0.007,0.025,0.008899239062929784
0.067,0.019,0.04,0.005689350581231864
0.038,0.0027246891011908567,0.029,0.005926104984032449
0.0038932339068350947,0.0026880592303903886,0.00036534276140337107,0.001758815633058366
0.012507175854909989,0.0029673263154879935,0.0036953047676566895,0.0014140973192548366
0.0031025764531170934,0.0008567930754276527,0.099,0.00607787660346619
0.073,0.005,0.0022527994670935992,0.004477167042185293
0.005968590489536302,0.003220918542669351,0.105,0.00489103094305463
0.0061066881290895835,0.0015668074938301048,0.0037150671794239556,0.010481423187654729
0.0036479225617889687,0.0033807376057346894,0.0014892983205810385,0.007926468595780514
0.007786559839581566,0.0006329546851451933,0.0014341430972025014,0.004947311987861585
0.0019062576664540902,0.0034897601551117027,0.00029471673131155416,0.0004285976422378891
0.011031073195376934,0.0029402548280253182,0.00034480065904054016,0.010694829456877308
0.015959608155526547,0.0037624173088367037,0.0033458324203708176,0.005336164132116359
0.008511133056390608,0.001963705262467581,0.0010058706626706261,0.007808400583352811
0.0005653543028195127,0.0013919995091368086,0.0016605165342632663,0.0029929294306576776
0.0006580610574349137,0.00011484371728487109,0.0025601606220702756,0.0004515098192320882
0.048,0.033,0.069,0.00915123272011452
0.081,0.03,0.125,0.009679906724104986
0.081,0.028,0.086,0.005272259975169244
0.148,0.042,0.186,0.007362240918571074
0.161,0.073,0.185,0.011
0.178,0.114,0.24,0.012
0.044,0.026,0.055,0.009971919613800263
0.061,0.102,0.042,0.005404248674468505
0.02,0.005,0.007,0.008833128453337384
0.031,0.0018099243067155367,0.007,0.005187956142715934
0.037,0.004,0.006,0.0031685296322858077
0.042,0.003775929420644519,0.044,0.008591515304227818
0.024,0.006,0.009,0.0018109600520993525
0.032,0.005,0.009,0.004696585701707955
0.028,0.008,0.013,0.0012999947520522773
0.059,0.016,0.01,0.0010894564246583288
0.049,0.006,0.013,0.001116975054227741
0.054,0.006,0.011,0.010718325084826955
0.069,0.014,0.037,0.002657841571218472
0.042,0.004,0.005,0.010675010907762178
0.051,0.004,0.006,0.0017609637691193107
0.058,0.015,0.02,0.004732937985872441
0.054,0.006,0.01,0.003460715007377974
0.058,0.005,0.016,0.006084123683716516
0.053,0.013,0.025,0.008111096247920752
0.067,0.04,0.027,0.008890857626926412
0.035,0.006,0.008,9.084940272436481e-05
0.063,0.017,0.024,0.0016272054689225857
0.056,0.017,0.014,0.0036300818510183078
0.049,0.01,0.032,0.0017706327178290484
0.06,0.055,0.011,0.001703281768778257
0.07,0.005,0.016,0.0008801245721210309
0.054,0.045,0.008,0.010977907997222387
0.053,0.006,0.007,0.009694338385665665
0.053,0.01,0.008,0.007488989092753172
0.068,0.016,0.01,0.003876594806033457
0.064,0.014,0.011,0.004720060082141684
0.083,0.033,0.01,0.008426872137936808
0.148,0.078,0.021,0.00631839621478047
0.012786772447166774,0.051,0.0027775194877725884,0.006522009123197599
0.013645493860494188,0.00013775150038389938,0.002880797852831203,0.003384266621772735
0.006628816652404049,0.0012404956298373015,0.001765863309274482,0.0021646256039570878
0.04,0.009,0.006,0.008591382376481896
0.028,0.01,0.022,5.2378082331280715e-05
0.054,0.026,0.104,0.0042454049246367295
0.033,0.012,0.063,0.010949138450822743
0.048,0.041,0.088,0.003977433839780404
0.066,0.076,0.095,0.003160739942390396
0.037,0.037,0.061,0.010388225998729862
0.147,0.363,0.253,0.0015484854561241327
0.051,0.065,0.102,0.018
0.068,0.076,0.104,0.006449100627577713
0.003757368234567661,0.0010571712561322406,0.0020669336563757285,0.007526030233222133
0.006032647828430252,0.0025083236801555766,0.0012042719616970304,0.0001398899060062344
0.005565866678392269,0.000596032541887618,0.0008951113994777193,0.00807984584295281
0.013380124586983302,0.0036880618560270143,0.0013077452581716647,0.008593938483596556
0.027,0.025,0.026,0.0002471982141489929
0.079,0.042,0.022,0.005836578264794932
0.018,6.581516764812622e-05,0.006,0.004523989898190366
0.137,0.031,0.007,0.009449117059601024
0.072,0.023,0.012,0.007382652100526321
0.01596992376262184,0.00046831252514009235,0.0032538265838146668,0.010920710551615198
0.008805798370891018,3.7848643987292265e-05,0.0035107563294269504,0.0007757872807937008
0.009463406636994538,0.0013397449784805407,0.0030117926238877337,0.005076798529110194
0.0069217350892242105,0.0030151543570392006,0.001130750544180521,0.0032681810735520895
0.005387024173885184,0.003946327167160777,0.001597172617167884,0.0036391591573946263
0.011329932592801214,0.0017698618040063413,0.0018914080814141211,0.0017192461418835806
0.0026108084373992852,0.0016741795627228725,0.0008109470957838445,0.0066120061297925475
0.014430818963565082,0.0020765722290907113,0.001737391344370824,0.008027805033376748
0.010985882537802711,0.0006924699657406186,0.0024243314893795356,0.009965111839284202
0.003539183335312023,0.0023724451631694193,0.0007894079190822172,0.0019609592233738524
0.157,0.045,0.211,0.00517393722929684
0.005570413122579444,0.085,0.032,0.0022835121535737554
0.0011322003225120926,0.06,0.038,0.0012393757736491727
0.024,0.032,0.051,0.006275418983463067
0.009778761714743353,0.003348751997488315,0.0009674014010370083,0.007025911616968351
0.01189777512027224,0.0023870635757690622,0.0035770202710627124,0.006202951632520208
0.005918791378159075,7.155795196552672e-05,0.0032171180353236114,0.009364480417780692
0.078,0.392,0.038,0.0073197729905010835
0.087,0.014,0.106,0.009891924132202617
0.1,0.015,0.145,0.006044712087233494
0.062,0.045,0.102,0.0009251438337711932
0.004807656648664597,0.001069573655127455,0.00043703795148397216,0.0059854133571107145
0.021,0.036,0.062,0.003306956965017373
0.047,0.015,0.075,0.008266762840817735
0.008158722091075467,0.081,0.003925824025656073,0.009377422229617398
0.014277838803308919,0.083,0.003123224472344513,0.010507309636664103
0.0037113838528785035,0.003069352947129526,0.0010810731325007303,0.01009939075690651
0.252,0.128,0.379,0.015
0.06,0.237,0.071,0.002211929647646545
0.095,0.233,0.13,0.006378796678615828
0.069,0.507,0.063,0.0028847605238548524
0.0056489580330916,0.0031380350320116134,0.0038977903566890753,0.004441158364007798
0.01455008487329677,0.00039366467804924674,0.0019211644322031894,0.010029136012897774
0.006787039133299556,0.0012139149516185532,0.0023467837210994678,0.010375358526685566
0.0035215408475410682,0.0018819434936953173,0.003693203321282081,0.0051535285919321
0.049,0.117,0.051,0.0074263909766386065
0.168,0.033,0.14,0.008294152481317433
0.122,0.038,0.153,0.0004946179786478916
0.01297177666361912,0.003045222473357894,0.0011938750730489383,0.0034438032285701945
0.0013758802649424667,8.02802690623512e-05,0.0031125043339083245,0.001371195488838325
0.031,0.003877129288222486,0.012,0.0020023514240298254
0.126,0.032,0.328,0.000274258413907124
0.123,0.007,0.095,0.00424816973614085
0.067,0.004,0.0024458550915757147,0.004966069750878621
0.006824742421132539,0.001827398420801619,0.002682997678928555,0.004235307934101889
0.005170235255473536,0.0007393922440255998,0.0016044636844491406,0.005526675374778383
0.007921522859046404,0.002636767294318502,7.700173630897922e-07,0.009763424887040281
0.010844202690665746,0.002351885285809237,0.002370017964324069,0.0027118370180092602
0.0004504902602857328,0.002083415224110298,0.0016767260311911425,0.004154644412794358
0.026,0.023,0.048,0.00023844220351590392
0.038,0.043,0.028,0.0018542953711870617
0.034,0.018,0.0017758044808857832,0.00976230847301341
0.048,0.007,0.0024588302812243103,0.007145748342246317
0.055,0.002335130854537436,0.055,0.0041271172408195115
0.011768776452701553,0.0003289788676138636,0.0027536842541540955,0.010282819157702511
0.0011235526833067357,0.00013245121984262198,0.0021687946762054223,0.0006308636095984863
0.11,0.065,0.136,0.0029212148244660363
0.033,0.028,0.03,0.0012807026576233318
0.056,0.028,0.03,0.0034035685747876047
0.002225903822416747,0.0020747922238088475,0.002507159092355072,0.007355118915137876
0.010757051539386405,0.000663987942081,0.0005263838501859435,0.00952619724165014
0.043,0.009,0.049,0.0071962702893201645
0.033,0.0005660529927318727,0.0007429343215788596,0.601
0.026,0.007,0.003905652229539555,0.501
0.027,0.007,0.00042316843640829527,0.51
0.032,0.005,0.012,0.0021948208193573867
0.029,0.0034929135653119768,0.012,0.0027238566160507163
0.027,0.005,0.018,0.00892989224471573
0.033,0.003345864365617043,0.009,0.0030558995417400143
0.029,0.0011678813977156878,0.011,0.010271147323896047
0.031,0.006,0.019,0.0016201435956962659
0.031,0.002684140260866123,0.009,0.004716568890603779
0.034,0.0004164327387226101,0.015,0.0036286202172535627
0.025,0.005,0.013,0.003931325876662543
0.031,0.008,0.0018507039469546106,0.074
0.0033438262689789422,0.003094624281379111,0.002387837176205569,0.00566145644174705
0.059,0.012,0.028,0.002922475134596864
0.008097897760791272,0.0012214634195782713,0.0035398925292564466,0.010725381408710419
0.004957390812582121,0.003928451486465207,0.0023854574226172503,0.009328804989013522
0.0023328149300449255,0.0028553041584101686,0.0023407765332087633,0.0027945255445442994
0.01259360633973384,0.0007006594596216105,0.0008848862965271298,0.005657232454680336
0.042,0.02,0.132,0.003197038932660337
0.010524067176974327,0.0017907758752131583,0.0004786240374199164,0.008954676841916104
0.138,0.003207695195297537,0.184,0.004320936853712418
0.169,0.0035821749441994322,0.211,0.006092935091272869
0.013736231422104379,0.0024383011294136342,0.0015467333563093115,0.004313590540880833
0.057,0.057,0.048,0.008662452261992271
0.049,0.066,0.023,0.006378184402307598
0.06,0.048,0.04,0.003975815985502598
0.057,0.118,0.049,0.0022568814408341323
0.066,0.089,0.075,0.003675742778759267
0.02,0.013,0.015,0.00861165568848164
0.05,0.005,0.037,0.010829637242205557
0.041,0.005,0.077,0.0020332314276896783
0.029,0.0030643120985253524,0.006,0.005397391935611203
0.015720889641199547,0.0014934503688197728,0.0010571635019432212,0.0045921646459345135
0.0011497302381116815,0.003601122256093081,0.00013338203695891117,0.0033110099902581426
0.001038765761094128,0.001827109072758773,0.0031645471889464385,0.008873932012700123
0.005634806245008206,1.235729054679613e-05,0.0017609366513774041,0.002971436264778349
0.00035970133306332565,0.0018725248951957042,0.0012201111547871589,0.004961797466664208
0.0006722680726639379,0.0033701448211913678,0.0021461936859680213,0.009625341800094105
0.025,0.0036703420142595233,0.003289896348447102,0.002029268686344549
0.019,0.0016859583807399697,0.0025939310385648027,0.0003187572788626732
0.026,0.001015105602580858,0.012,0.010234497181596688
2.19,0.415,3.659,0.010463575957255247
0.004823615549853219,0.0023699437739924624,7.409290081844499e-05,0.008984958474058589
0.0018854075525369717,0.0004593192194667282,7.55320363382861e-05,0.009809773553628165
0.0036399308077157996,0.003047172656771895,0.0008462097227358374,0.009438551497546934
0.193,0.03,0.116,0.001987742300297378
0.093,0.009,0.046,0.002256204985641568
0.093,0.007,0.043,0.010895099707642743
0.006771393498468479,0.0008262096015823767,0.0019514364077048145,0.008653051256633097
0.117,0.047,0.06,0.006750788312488814
0.035,0.041,0.029,0.003128801400179918
0.069,0.029,0.042,0.001458232255488986
0.038,0.067,0.033,0.0013405135589699018
0.078,0.028,0.066,0.0023452323153399035
0.059,0.019,0.05,0.0006245031528595074
0.032,0.038,0.026,0.004144794855037123
0.064,0.023,0.064,0.0019396778909837366
0.035,0.025,0.044,0.003939579003015312
0.059,0.005,0.026,0.002442768768707321
0.053,0.004,0.028,0.0007407726650129987
0.053,0.0009620902355024111,0.021,0.0022605711133485812
0.067,0.005,0.025,0.0013917848113929392
0.059,0.007,0.031,0.0010931114403923965
0.053,0.009,0.021,0.004084156799414511
0.059,0.009,0.018,0.0011937819122061584
0.054,0.006,0.021,0.0023036592617006273
0.041,0.015,0.018,0.004298740206652258
0.049,0.011,0.021,0.004490453061254499
0.039,8.97562418564073e-05,0.023,0.0017985950484563095
0.047,0.006,0.027,0.0008066880386285952
0.053,0.02,0.021,0.0034150192956524245
0.056,0.016,0.03,0.004686621671874411
0.047,0.006,0.029,0.002603595171282395
0.051,0.005,0.033,0.00124534725909834
0.059,3.0064957516380053e-05,0.023,0.004327497838409562
0.046,0.0005752634841252286,0.016,0.0003915511343632727
0.052,0.006,0.016,0.0029415002256670485
0.046,0.005,0.023,0.004733759192519553
0.196,0.026,0.299,0.0012507663277564452
0.169,0.061,0.299,0.00029652559812534505
0.024,0.001,0.005,0.004283941922541893
0.019,0.001,0.075,0.0031933621110265824
0.022,0.001,0.026,0.004687685047780369
0.022,0.006,0.05,0.0010430578215541637
0.018,0.005,0.033,0.004347806877429269
0.015,0.005,0.017,0.0016716093335646127
0.047,0.005,0.008,0.126
0.046,0.002,0.003,1.1917525562953336e-05
0.041,0.005,0.001,0.0010914461392031655
0.007,0.005,0.004,0.003622464757568725
0.104,0.096,0.069,0.0005575598094483786
0.075,0.023,0.012,0.003792578684153894
0.068,0.035,0.057,0.0001298692779338395
0.026,0.032,0.044,0.0008840592999479513
0.021,0.02,0.035,0.004906530489045563
0.019,0.043,0.034,4.2512638251767656e-05
0.037,0.001,0.003,0.004023345816806919
0.038,0.000324437542400761,0.002,0.0033571301727573187
0.139,0.054,0.177,0.006
0.154,0.054,0.172,0.006
0.136,0.048,0.157,0.005
0.129,0.047,0.153,0.007
0.073,0.004,0.011,0.0014192635063401532
0.047,0.004,0.001,0.00176511434970195
0.112,0.143,0.12,0.004976486913409799
0.072,0.086,0.058,0.002593173095839463
0.098,0.137,0.083,0.003689758213440786
0.065,0.181,0.06,0.004335157148593196
0.06,0.124,0.051,0.004821986177686448
0.055,0.165,0.042,0.0007726096945821104
0.026,0.0009078521293703027,0.003,0.001366144240282573
0.044,0.033,0.009,0.0025294622288616
0.036,0.032,0.003,0.0031009329813583885
0.048,0.035,0.005,0.0003653479321520725
0.04,0.002,0.015,0.004249483741272304
0.028,0.009,0.009,0.002708784498227919
0.051,0.003,0.016,0.0007457107541819197
0.049,0.008,0.02,0.002765851859712961
0.047,0.004,0.018,0.004578958699155068
0.041,0.005,0.03,0.003626101529343403
0.048,0.006,0.017,0.004408901676426793
0.071,0.011,0.041,0.0006814623069796172
0.07,0.186,0.013,0.0037294096388161713
0.081,0.124,0.021,0.003607844641042797
0.078,0.121,0.032,0.004950251892425486
0.059,0.07,0.014,0.001842129623667207
0.173,0.271,0.366,0.014
0.143,0.081,0.133,0.008
0.196,0.118,0.202,0.015
0.039,0.035,0.021,0.002096761469371385
0.0008246445940373872,0.034,0.047,0.0018944942509413305
0.051,0.033,0.025,0.00475882972032331
0.025,0.002,0.006,0.000784358341323328
0.011,0.002,0.006,0.0016047195655193836
0.017,0.0004468277271502191,0.011,0.0025004915642960752
0.011,0.003,0.012,0.00033332976959256355
0.002739073842290827,0.0007223520452364366,0.006,0.004652278404580363
0.006,0.004,0.003,0.0030741885691599985
0.002358830355658389,0.002,0.01,0.004833134862933385
0.014,0.002,0.005,0.0027069132600707835
0.005,0.0006325695513128292,0.009,0.00392764481994906
0.001343069280063348,0.000918974335357573,0.006,0.003479009783671734
0.0010845661685536662,0.007,0.023,0.003250061441379397
0.015,0.047,0.04,0.007
0.092,0.025,0.119,0.008
0.027,0.026,0.001,0.011
0.009,0.003,0.019,0.001395823266522968
0.0009754713574817126,0.002,0.0008472296983398662,0.003882284083781343
0.014,0.002,0.032,0.002097337114510054
0.004,0.001,0.002,0.002002644370193294
0.005,0.001,0.00017450102224990637,0.0018634381172432312
0.014,0.002,0.0007612645662905603,0.0011905712171317669
0.0013029272334381904,0.002,0.0002627235448288071,0.0026968790643081835
0.043,0.044,0.047,0.001766620343431339
0.136,0.509,0.098,0.0018848943589134038
0.121,0.333,0.103,0.004261617624457852
0.101,0.171,0.078,0.000456432086796435
0.046,0.00013146343893655132,0.004,0.002294664801756833
0.041,0.002,0.003,0.00010043878907686432
0.033,0.001,0.006,0.0014060161274946704
0.055,0.001,0.013,0.007
0.047,0.00043582934936392905,0.005,0.005
0.05,0.005,0.008,0.0019146496739200615
0.051,0.003,0.012,0.007
0.051,0.002,0.01,0.008
0.04,0.004,0.012,0.000705045092285499
0.029,0.000841525497802862,0.009,0.0008143474827945819
0.05,0.002,0.006,0.007
0.047,0.004,0.016,0.006
0.041,0.006,0.007,0.006
0.057,0.002,0.011,0.007
0.052,0.004,0.022,0.0018582228765005866
0.033,0.00038874243272514307,0.004,0.003942714516228546
0.036,0.001,0.004,0.002594863487880748
0.049,0.0009780934789412343,0.006,0.0008569311131220281
0.129,0.007,0.019,0.001063727175778725
0.115,0.12,0.055,6.35012398150464e-05
0.104,0.179,0.064,0.01
0.145,0.112,0.15,0.007
0.109,0.136,0.093,0.009
0.086,0.021,0.024,0.00252831404747347
0.102,0.008,0.048,0.004806227696518347
0.105,0.021,0.067,0.0006983741944679483
0.11,0.021,0.158,0.004076386102010524
0.028,0.002,0.002,0.0004708619196209141
0.039,0.004,0.002,1.067
0.078,0.006,0.017,1.084
0.04,0.003,0.00011462320592466547,0.305
0.047,0.003,0.001,0.335
0.044,0.002,0.002,0.953
0.029,0.002,0.002,0.263
0.028,0.002,0.001,0.0028574801426293635
0.03,0.001,0.003,0.0022539014176860225
0.027,0.002,0.003,0.0014374455884772236
0.031,0.002,0.002,0.0017269933918777347
0.044,0.002,0.003,0.082
0.146,0.574,0.098,0.00045806790856817826
0.132,0.426,0.094,0.00395726044452438
0.075,0.25,0.059,0.0003856518923182778
0.127,0.727,0.073,0.003337045408740097
0.122,0.148,0.095,0.0005151435658648323
0.087,0.119,0.055,0.0008495905251375662
0.045,0.01,0.013,0.0012244115873846423
0.048,0.011,0.012,0.0009354836725887483
0.03,0.002,0.002,0.002259997127245061
0.059,0.115,0.022,0.0038565007431736772
4.664,0.035,0.626,0.004043572697392979
0.471,0.069,0.561,0.006
4.197,0.043,0.573,0.00013982462359378445
0.053,0.015,0.019,0.00015741354151021015
0.072,0.009,0.054,0.00037045543048711883
0.088,0.011,0.059,0.003540893652808215
0.027,0.003,0.006,0.0010186576056381413
0.03,0.002,0.003,0.003280639617216785
0.094,0.001,0.005,0.0049102684904619295
0.059,0.002,0.012,0.0005940135848097655
0.064,0.002,0.012,0.0006029348517643495
0.084,0.008,0.045,0.004530564912203908
0.084,0.008,0.024,0.00011707844510943976
0.081,0.008,0.03,0.0006384055857532178
0.034,0.002,0.003,0.004537711314728501
0.027,0.003,0.027,0.004643731281247961
0.036,0.001,0.015,0.00482514865495427
0.027,0.001,0.009,0.004602441759574392
0.035,0.002,0.016,1.438812757060981e-05
0.027,0.0004527538354939735,0.008,0.002063977900027029
0.038,7.932613017826673e-05,0.009,0.0027747618175808543
0.033,0.0003595100736896616,0.01,0.004670231722255935
0.037,0.003,0.01,0.0019773714251266616
0.031,0.002,0.014,0.003450397566936317
0.034,0.003,0.029,0.0012286418167358477
0.039,0.001,0.01,0.0027673708516057385
0.037,0.001,0.009,0.0019465519277645262
0.034,0.001,0.013,0.001964949262817531
0.069,0.043,0.063,0.003387376474207228
0.058,0.026,0.069,0.0035695920356339436
0.497,0.039,0.976,0.008
0.034,0.003,0.01,0.001934022570324529
0.031,0.003,0.005,0.0012856806397518927
0.024,0.003,0.003,0.004956667999735093
0.028,0.003,0.005,0.0001625158049237785
0.023,0.003,0.003,0.0028489419816347485
0.02,0.002,0.002,0.004730990476408303
0.027,0.003,0.002,0.0015780465876387012
0.03,0.002,0.002,0.002101263800649566
0.059,0.006,0.005,0.123
0.037,0.006,0.002,0.121
0.053,0.006,0.018,0.141
0.036,0.009,0.002,0.152
0.059,0.021,0.181,0.0022391080877444364
0.111,0.014,0.064,0.053
0.186,0.016,0.248,0.0005921891800035173
0.155,0.018,0.08,0.008
0.024,0.002,0.008,0.01
0.021,0.0008263607142858139,0.007,0.007
0.02,0.008,0.006,0.008
0.017,0.00048423042214096936,0.009,0.01
0.021,0.0002559173825499429,0.007,0.007
0.019,0.002,0.009,0.008
0.031,0.001,0.011,0.008
0.021,0.002,0.009,0.009
0.023,0.002,0.015,0.008
0.025,0.003,0.01,0.005
0.021,0.001,0.009,0.007
0.178,0.284,0.124,0.008
0.048,0.007,0.009,0.004019156531376369
0.192,0.026,0.147,0.0033452986727440432
0.181,0.127,0.434,0.009
0.025,0.0007640304357922088,0.003,0.002620061642593223
0.019,0.002,0.002,0.000943072667495124
0.023,0.002,0.004,0.004095368834739358
0.026,0.001,0.002,0.000270437244899589
0.034,0.006,0.016,0.0011004487654702327
0.082,0.014,0.074,0.0012147978646623642
0.114,0.026,0.084,0.0017493771413162062
0.088,0.038,0.033,0.119
0.142,0.018,0.079,0.009
0.021,0.001,0.007,0.0008433922747706979
0.027,0.002,0.006,0.00296223213418405
0.046,0.003,0.004,0.046
0.04,0.006,0.004,0.038
0.045,0.004,0.006,0.04
0.053,0.287,0.051,0.0029157294848742537
0.036,0.077,0.005,0.0016849899852214084
0.036,0.112,2.2423384651434342e-06,0.0045529256830031525
0.023,0.037,0.005,0.0032284002410385634
0.029,0.003,0.019,0.0017541094202254115
0.023,0.001,0.006,0.004291615423018394
0.184,0.395,0.15,0.001643090675965192
0.074,0.017,0.053,0.004689722019428918
0.059,0.026,0.04,0.003465681850378406
0.068,0.251,1.323,0.0016496798665751773
0.029,0.002,0.002,0.004331557784500524
0.022,0.002,0.002,0.0037912810008108055
0.024,0.003,0.003,0.0043747883468116325
0.028,0.0007571376404583969,0.003,0.002882979142085503
0.032,0.002,0.008,0.0033174918103597508
0.035,0.0009436559874010996,0.005,0.0023135403486718243
0.041,0.002,0.009,0.00441941429292139
0.039,0.002,0.011,0.0020100896970873124
0.038,0.004,0.01,0.0031750470876926533
0.043,0.003,0.011,0.0018333292161192983
0.04,0.00016005256232649756,0.014,0.004992932866714691
0.035,0.002,0.015,0.0028395373428983994
0.028,0.001,0.013,6.497530955029251e-05
0.107,0.175,0.074,0.0012713576029857575
0.026,0.001,0.002,0.0033259936381069455
0.029,0.00039826996349118205,0.003,0.002326431898395871
0.086,0.006,0.019,0.0006000384334141235
0.086,0.005,0.104,0.0023539481623081073
0.073,0.006,0.107,0.0043851590430125
0.371,0.027,0.907,0.0015617413633627463
0.034,0.004,0.001,0.789
0.03,0.003,0.002,0.911
0.028,0.002,0.003,0.0011242242902034366
0.047,0.004,0.012,0.0022916933699590187
0.146,0.339,0.123,0.007
0.019,0.00047070156555843935,0.005,0.007
0.046,0.013,0.007,0.00030582692988983975
0.026,0.00099315157953557,0.0008416008760981896,0.0009202524894239856
0.023,0.00037924925328020753,9.493481165101514e-07,0.0023561775465621654
0.05,0.004,0.005,0.0037759992095569308
0.04,0.004,0.004,0.0009062757148094036
0.042,0.004,0.004,0.0007166428012732051
0.031,0.004,0.015,0.0006300260888769571
0.037,0.006,0.028,0.003746892460481163
0.028,0.001,0.007,0.007
0.052,0.014,0.006,0.0025783777148658577
0.049,0.013,0.007,0.0005225987476377231
0.045,0.015,0.023,0.00024970054036833113
0.085,0.444,0.017,0.006
0.065,0.167,0.012,0.009
0.081,0.153,0.02,0.009
0.037,0.777,0.031,0.006
0.038,0.004,0.004,0.0013460715688458319
0.059,0.257,0.085,0.013
0.013,0.004,0.008,0.0036457909617865604
45.996,6.425,12.232,3.836
35.412,3.215,12.049,4.721
0.003,0.007,0.029,0.008
0.062,0.011,0.089,0.0032404002834229184
0.004,0.001,0.002,0.002997670177776633
0.00040038930635237014,0.002,0.003,0.004976810213268088
0.0009645335689294725,0.001,0.00014646138682239762,0.001038256205321531
0.004,0.001,0.002,0.004013500287016291
0.001998822446962747,0.011,0.003,0.001569892668581842
0.0024306688995445625,0.013,0.0007399722571251149,0.0013681659679827373
0.052,0.153,0.024,0.006
0.028,0.15,0.017,0.007
0.021,0.014,0.026,0.006
0.015,0.007,0.023,0.007
0.021,0.01,0.022,0.006
0.007,0.006,0.031,0.006
0.026,0.011,0.051,0.006
0.017,0.027,0.026,0.005
0.017,0.007,0.019,0.005
0.01,0.005,0.03,0.007
0.016,0.024,0.027,0.006
0.007,0.008,0.013,0.005
0.0015838880725671698,0.00016049347836937343,0.003,0.004713837128884776
0.0008634776565443149,0.003,0.003,0.0004953020206529108
0.002064506950207394,0.002,0.004,0.004566096404269546
0.036,0.028,0.061,0.006
0.018,0.084,0.088,0.007
0.018,0.143,0.098,0.008
0.01,0.014,0.106,0.006
0.015,0.052,0.059,0.011
0.03,0.066,0.104,0.016
0.043,0.13,0.077,0.006
0.015,0.067,0.049,0.005
0.041,0.082,0.094,0.059
0.013,0.003,0.007,0.0019681671921765545
0.012,0.002,0.011,0.0005524757183681512
0.035,0.047,0.091,0.005
0.047,0.195,0.09,0.005
0.016,0.028,0.109,0.005
0.023,0.192,0.104,0.006
0.023,0.064,0.137,0.006
0.016,0.074,0.084,0.006
0.032,0.066,0.085,0.003691243917660898
0.017,0.06,0.036,0.0011647882634915198
0.045,0.08,0.172,0.0012091117225152893
0.019,0.067,0.061,0.004582022153043042
0.004,0.002,0.004,0.00015746424795857916
0.016,0.014,0.02,0.0033121519194468647
0.014,0.021,0.017,0.0007974726537490073
0.003,0.001,0.004,0.0018930629036748676
0.0021979026889215303,0.0007331835332258377,0.004,0.003692130462675463
0.268,0.188,0.3,0.018
0.292,0.294,0.293,0.019
0.02,0.009,0.004,0.0008912162370490096
0.026,0.12,0.094,0.014
0.037,0.062,0.057,0.009
0.039,0.074,0.066,0.009
0.032,0.117,0.07,0.008
0.052,0.087,0.158,0.008
0.009,0.005,0.006,0.003137816934897641
0.019,0.008,0.01,0.004643497521591007
0.008,0.002,0.02,0.0048373344436097076
0.002726100690731599,0.004,0.002,0.0009419005125455487
0.028,0.003,0.043,0.0016053696910741943
0.028,0.003,0.01,0.001610943838259406
0.009,0.003,0.004,0.004901390249675248
0.007,0.002,0.024,0.0031030931581743568
0.0011218620267125952,0.003,0.01,0.006
0.043,0.158,0.08,0.007
0.01,0.049,0.078,0.01
0.023,0.124,0.096,0.009
0.02,0.176,0.049,0.009
0.01,0.118,0.116,0.012
0.026,0.03,0.075,0.009
0.026,0.04,0.058,0.009
0.023,0.038,0.027,0.01
0.009,0.025,0.031,0.009
0.004,0.001,0.006,0.003741549361978338
0.0008003219551879882,0.003,0.003,0.0022966844203108462
0.002187119685333094,0.002,0.003,0.0007617612319655093
0.045,0.023,0.05,0.004391837525036668
0.019,1.902,0.018,0.004446111000247914
0.069,1.138,0.015,0.0017555042165482782
0.039,0.391,0.011,0.003695801646385452
0.035,0.572,0.008,0.004711950637335906
1.645,0.137,0.951,0.01
0.009,0.001,0.0006390823137832611,4.13198089835698e-05
0.007,0.001,0.0005731676312804351,0.00421303293554619
0.054,0.38,0.083,0.00257019826610183
0.008,0.501,0.041,0.0004200984411425557
0.018,0.006,8.669369399896187e-05,0.163
0.015,0.002,0.000486635576675881,0.71
0.01,0.003,0.0004093763988353003,0.828
0.035,0.007,0.0006419600759872128,0.203
0.006,0.003,0.0004031381014378562,0.146
0.012,0.002,0.0007921261265974582,0.128
0.024,0.001,5.292658032390329e-05,0.14
0.016,0.002,0.0007709462918936128,0.819
0.022,0.002,0.004,0.13
0.045,0.007,0.0001825353536288239,0.949
0.019,0.002,0.004,0.212
0.022,0.003,0.0005374950338893275,0.148
0.028,0.003,0.0004431323493746041,0.143
0.007,0.003,0.005,1.163
0.016,0.004,0.0003485676213069928,0.04
0.023,0.001,0.0004437806348228356,0.043
0.025,0.002,0.0009518466520846459,0.009
0.005,0.003,0.0003079794042580264,0.049
0.025,0.005,0.00013967863695676087,0.048
0.041,0.004,0.0009200518910539087,0.044
0.016,0.002,0.0006369098425299488,0.059
0.016,0.004,0.00018211867192030628,0.046
0.015,0.011,0.036,0.06
0.007,0.002,0.003,0.064
0.024,0.003,0.0005933343792687107,0.048
0.015,0.003,0.003,0.036
0.012,0.002,0.0007186031921108996,0.006
0.000908723274042657,0.002,0.000909023244265987,0.009
0.025,0.005,0.036,0.084
0.034,0.008,0.023,0.048
0.015,0.004,0.02,0.061
0.029,0.003,0.0003698239245332509,0.009
0.019,0.004,0.002,0.039
0.021,0.002,0.028,0.043
0.0015648024853122066,0.002,0.0008016046160644383,0.005
0.0022638368403621488,0.000601139851572816,0.0008034880287810991,0.0013304127023519947
0.038,0.006,0.009,0.038
0.047,0.098,0.024,0.008
0.162,0.061,0.054,0.008
0.057,0.041,0.018,0.005
0.051,0.076,0.044,0.00264277170250295
0.002816047845542492,0.0005724237533669823,0.00014198083747785496,0.0009759940127935557
0.038,0.006,0.009,0.038
0.026,0.004,0.005,0.03
7.517424798117234e-05,0.001,0.006,0.0012627103723170624
0.004,0.002,0.034,0.0035499643010456585
0.017,0.001,0.031,0.0009822791462241742
0.038,0.003,0.021,0.0021493080956150644
0.0025289921415442037,0.001,0.001,0.0012943013878280829
0.006,0.002,0.004,0.0013290348721122253
0.005,0.00025757913495600624,0.0006924815775259342,0.0028478758708218323
0.117,0.067,0.257,0.015
0.00039717531332621506,0.001,0.014,0.0002885121274540492
0.001018116145463058,0.002,0.009,0.02
0.0027133236854382865,0.005,0.006,0.006
0.0004302082848993255,0.002,0.01,0.018
0.001988587896653311,0.0009991838434067317,0.0003844073205872338,0.028
0.028,0.001,0.001,0.013
0.017,0.003,0.025,0.024
0.023,0.004,0.026,0.015
0.029,0.012,0.005,0.0036059675283826743
0.014,0.001,0.021,0.002437419849448956
0.037,0.026,0.053,1.42815701107879e-05
0.012,0.015,0.012,0.0011415559663741509
0.01,0.004,0.01,0.076
0.012,0.009,0.046,0.01
0.012,0.002,0.012,0.01
0.005,0.001,0.003,0.004598916329609668
0.023,0.01,0.039,0.00017200168674372907
0.001762720483347026,0.01,0.011,0.0011503147334698816
0.348,0.082,0.751,0.029
0.004,0.006,0.062,0.0016365511173608272
0.24,0.211,0.979,0.011
1.883,0.254,5.125,0.015
0.025,0.002,0.005,0.00015139640984810187
0.004,0.003,0.008,0.002756952972400904
0.008,0.002,0.003,0.014
0.001033434199874238,0.004,0.006,0.004479061546663102
0.007,0.003,0.004,0.0016481576435931034
0.006,0.003,0.004,0.015
0.034,0.009,0.004,0.013
2.6075673810898703e-05,0.005,0.016,0.0015473362259170044
0.004,0.005,0.048,0.0006052130821629037
0.0026660405826247294,0.004,0.05,0.0004986338127358492
0.005,0.001,0.011,0.0007219924614101414
0.0006770964284370767,0.004,0.004,0.004209990891067154
0.006,0.004,0.006,0.004980508283443245
0.004,0.003,0.006,0.0039033461640218437
0.004,0.0008452253737726672,0.012,0.0029807582759740865
0.005,0.003,0.008,0.0007010908006111776
0.006,0.001,0.01,0.005
0.003,0.00033300536313109506,0.006,0.0021032739746983976
0.003,0.00013500446017297295,0.009,0.004415247399029423
0.003,0.00022164388936987578,0.008,0.0007984197814196775
0.0005574712376799955,0.0009498327929015237,0.011,0.0001600382647160531
0.0013121113512353328,0.007,0.008,0.005
0.008,0.001,0.004,0.004402029868468491
0.337,0.052,0.674,0.013
0.007,0.003,0.001,0.025
0.01,0.019,0.013,0.00011796708007646096
0.011,0.015,0.004,0.01
0.248,0.014,0.458,0.009
0.239,0.016,0.423,0.013
0.202,0.019,0.358,0.014
0.182,0.013,0.331,0.013
0.187,0.015,0.361,0.011
0.198,0.014,0.411,0.013
0.191,0.314,0.022,0.003416848842973242
0.262,0.029,0.39,0.023
0.014,0.019,0.211,0.00033423520587165967
0.011,0.039,0.013,0.0009802239983034034
0.0002156159350282818,0.003,0.002,0.022
0.175,0.019,0.246,0.016
0.144,1.736,0.023,0.00483559930243442
0.129,0.783,0.016,0.0010204045064911643
0.095,1.633,0.019,0.00035330656665182204
0.102,0.01,0.317,0.012
0.123,0.035,0.179,0.004015773910905628
0.103,0.008,0.042,0.004686504124717325
0.129,0.015,0.059,0.0001148127770513524
0.271,0.008,0.036,0.002580885074740813
0.004,0.003,0.032,0.000775825672825266
0.011,0.005,0.005,0.0012477318167538592
0.009,0.006,0.078,0.002165366140600951
0.074,0.026,0.079,0.011
0.077,0.026,0.078,0.014
0.066,0.026,0.078,0.013
0.004,0.005,0.008,0.00188238616104472
0.342,0.006,0.129,0.0031677959715346107
0.182,0.054,0.113,0.014
0.019,0.004,0.003,0.079
0.084,0.009,0.027,0.0006611068061871523
0.08,0.074,0.089,0.0011311347655270322
0.01,0.016,0.028,0.0039801675008256905
0.286,0.027,0.218,0.01
0.176,0.291,1.048,0.011
